california_0,"A_{\\mathrm{rel}}({\bs w}_{X^{\mathrm{te}},f},{\bs w}_{X^{\mathrm{te}},f_{\theta'}})",0.227630859975716
california_0,"S_{\\mathrm{rel}}({\bs w}_{X^{\mathrm{te}},f},{\bs w}_{X^{\mathrm{te}},f_{\theta'}})",0.772369140024284
california_0,"r({\bs w}_{X^{\mathrm{te}},f},{\bs w}_{X^{\mathrm{te}},f_{\theta'}})",0.879588244035414
california_0,"A_{\\mathrm{rel}}({\bs w}_{X^{\mathrm{te}},f},{\bs w}_{X^{\mathrm{te}},f_{\theta}})",0.863133143572206
california_0,"S_{\\mathrm{rel}}({\bs w}_{X^{\mathrm{te}},f},{\bs w}_{X^{\mathrm{te}},f_{\theta}})",0.136866856427794
california_0,"r({\bs w}_{X^{\mathrm{te}},f},{\bs w}_{X^{\mathrm{te}},f_{\theta}})",0.297868234855226
california_0,"A_{\\mathrm{rel}}({\bs w}_{X^{\mathrm{te}},f_{\theta'}},{\bs w}_{X^{\mathrm{te}},f_{\theta}})",0.840921383971943
california_0,"S_{\\mathrm{rel}}({\bs w}_{X^{\mathrm{te}},f_{\theta'}},{\bs w}_{X^{\mathrm{te}},f_{\theta}})",0.159078616028057
california_0,"r({\bs w}_{X^{\mathrm{te}},f_{\theta'}},{\bs w}_{X^{\mathrm{te}},f_{\theta}})",0.430950416252761
california_0,"A_{\\mathrm{rel}}({\bs w}_{X^{\mathrm{tr}},f},{\bs w}_{X^{\mathrm{tr}},f_{\theta'}})",0.261596295313072
california_0,"S_{\\mathrm{rel}}({\bs w}_{X^{\mathrm{tr}},f},{\bs w}_{X^{\mathrm{tr}},f_{\theta'}})",0.738403704686928
california_0,"r({\bs w}_{X^{\mathrm{tr}},f},{\bs w}_{X^{\mathrm{tr}},f_{\theta'}})",0.876332412196573
california_0,"A_{\\mathrm{rel}}({\bs w}_{X^{\mathrm{tr}},f},{\bs w}_{X^{\mathrm{tr}},f_{\theta}})",0.85491107282113
california_0,"S_{\\mathrm{rel}}({\bs w}_{X^{\mathrm{tr}},f},{\bs w}_{X^{\mathrm{tr}},f_{\theta}})",0.14508892717887
california_0,"r({\bs w}_{X^{\mathrm{tr}},f},{\bs w}_{X^{\mathrm{tr}},f_{\theta}})",0.426070766033877
california_0,"A_{\\mathrm{rel}}({\bs w}_{X^{\mathrm{tr}},f_{\theta'}},{\bs w}_{X^{\mathrm{tr}},f_{\theta}})",0.836135533414013
california_0,"S_{\\mathrm{rel}}({\bs w}_{X^{\mathrm{tr}},f_{\theta'}},{\bs w}_{X^{\mathrm{tr}},f_{\theta}})",0.163864466585987
california_0,"r({\bs w}_{X^{\mathrm{tr}},f_{\theta'}},{\bs w}_{X^{\mathrm{tr}},f_{\theta}})",0.648893927781801
california_0,"A_{\\mathrm{rel}}({\bs w}_{X^{\mathrm{u}},f},{\bs w}_{X^{\mathrm{u}},f_{\theta'}})",0.264326828393279
california_0,"S_{\\mathrm{rel}}({\bs w}_{X^{\mathrm{u}},f},{\bs w}_{X^{\mathrm{u}},f_{\theta'}})",0.735673171606721
california_0,"r({\bs w}_{X^{\mathrm{u}},f},{\bs w}_{X^{\mathrm{u}},f_{\theta'}})",0.867537596821284
california_0,"A_{\\mathrm{rel}}({\bs w}_{X^{\mathrm{u}},f},{\bs w}_{X^{\mathrm{u}},f_{\theta}})",0.806675299425249
california_0,"S_{\\mathrm{rel}}({\bs w}_{X^{\mathrm{u}},f},{\bs w}_{X^{\mathrm{u}},f_{\theta}})",0.193324700574751
california_0,"r({\bs w}_{X^{\mathrm{u}},f},{\bs w}_{X^{\mathrm{u}},f_{\theta}})",0.354915252900173
california_0,"A_{\\mathrm{rel}}({\bs w}_{X^{\mathrm{u}},f_{\theta'}},{\bs w}_{X^{\mathrm{u}},f_{\theta}})",0.780869890285523
california_0,"S_{\\mathrm{rel}}({\bs w}_{X^{\mathrm{u}},f_{\theta'}},{\bs w}_{X^{\mathrm{u}},f_{\theta}})",0.219130109714477
california_0,"r({\bs w}_{X^{\mathrm{u}},f_{\theta'}},{\bs w}_{X^{\mathrm{u}},f_{\theta}})",0.554552655618041
california_1,"A_{\\mathrm{rel}}({\bs w}_{X^{\mathrm{te}},f},{\bs w}_{X^{\mathrm{te}},f_{\theta'}})",0.27489856457491
california_1,"S_{\\mathrm{rel}}({\bs w}_{X^{\mathrm{te}},f},{\bs w}_{X^{\mathrm{te}},f_{\theta'}})",0.72510143542509
california_1,"r({\bs w}_{X^{\mathrm{te}},f},{\bs w}_{X^{\mathrm{te}},f_{\theta'}})",0.863867450764868
california_1,"A_{\\mathrm{rel}}({\bs w}_{X^{\mathrm{te}},f},{\bs w}_{X^{\mathrm{te}},f_{\theta}})",0.968093922714525
california_1,"S_{\\mathrm{rel}}({\bs w}_{X^{\mathrm{te}},f},{\bs w}_{X^{\mathrm{te}},f_{\theta}})",0.0319060772854749
california_1,"r({\bs w}_{X^{\mathrm{te}},f},{\bs w}_{X^{\mathrm{te}},f_{\theta}})",0.666118239243666
california_1,"A_{\\mathrm{rel}}({\bs w}_{X^{\mathrm{te}},f_{\theta'}},{\bs w}_{X^{\mathrm{te}},f_{\theta}})",0.965722130805151
california_1,"S_{\\mathrm{rel}}({\bs w}_{X^{\mathrm{te}},f_{\theta'}},{\bs w}_{X^{\mathrm{te}},f_{\theta}})",0.0342778691948491
california_1,"r({\bs w}_{X^{\mathrm{te}},f_{\theta'}},{\bs w}_{X^{\mathrm{te}},f_{\theta}})",0.909450849385272
california_1,"A_{\\mathrm{rel}}({\bs w}_{X^{\mathrm{tr}},f},{\bs w}_{X^{\mathrm{tr}},f_{\theta'}})",0.288595852582208
california_1,"S_{\\mathrm{rel}}({\bs w}_{X^{\mathrm{tr}},f},{\bs w}_{X^{\mathrm{tr}},f_{\theta'}})",0.711404147417792
california_1,"r({\bs w}_{X^{\mathrm{tr}},f},{\bs w}_{X^{\mathrm{tr}},f_{\theta'}})",0.871112975797778
california_1,"A_{\\mathrm{rel}}({\bs w}_{X^{\mathrm{tr}},f},{\bs w}_{X^{\mathrm{tr}},f_{\theta}})",0.950250298568778
california_1,"S_{\\mathrm{rel}}({\bs w}_{X^{\mathrm{tr}},f},{\bs w}_{X^{\mathrm{tr}},f_{\theta}})",0.0497497014312223
california_1,"r({\bs w}_{X^{\mathrm{tr}},f},{\bs w}_{X^{\mathrm{tr}},f_{\theta}})",0.50723909067324
california_1,"A_{\\mathrm{rel}}({\bs w}_{X^{\mathrm{tr}},f_{\theta'}},{\bs w}_{X^{\mathrm{tr}},f_{\theta}})",0.94606761441521
california_1,"S_{\\mathrm{rel}}({\bs w}_{X^{\mathrm{tr}},f_{\theta'}},{\bs w}_{X^{\mathrm{tr}},f_{\theta}})",0.0539323855847903
california_1,"r({\bs w}_{X^{\mathrm{tr}},f_{\theta'}},{\bs w}_{X^{\mathrm{tr}},f_{\theta}})",0.731543339745597
california_1,"A_{\\mathrm{rel}}({\bs w}_{X^{\mathrm{u}},f},{\bs w}_{X^{\mathrm{u}},f_{\theta'}})",0.295107244824404
california_1,"S_{\\mathrm{rel}}({\bs w}_{X^{\mathrm{u}},f},{\bs w}_{X^{\mathrm{u}},f_{\theta'}})",0.704892755175596
california_1,"r({\bs w}_{X^{\mathrm{u}},f},{\bs w}_{X^{\mathrm{u}},f_{\theta'}})",0.86190432042686
california_1,"A_{\\mathrm{rel}}({\bs w}_{X^{\mathrm{u}},f},{\bs w}_{X^{\mathrm{u}},f_{\theta}})",0.949600672483567
california_1,"S_{\\mathrm{rel}}({\bs w}_{X^{\mathrm{u}},f},{\bs w}_{X^{\mathrm{u}},f_{\theta}})",0.0503993275164325
california_1,"r({\bs w}_{X^{\mathrm{u}},f},{\bs w}_{X^{\mathrm{u}},f_{\theta}})",0.504666586453403
california_1,"A_{\\mathrm{rel}}({\bs w}_{X^{\mathrm{u}},f_{\theta'}},{\bs w}_{X^{\mathrm{u}},f_{\theta}})",0.945494722726264
california_1,"S_{\\mathrm{rel}}({\bs w}_{X^{\mathrm{u}},f_{\theta'}},{\bs w}_{X^{\mathrm{u}},f_{\theta}})",0.054505277273736
california_1,"r({\bs w}_{X^{\mathrm{u}},f_{\theta'}},{\bs w}_{X^{\mathrm{u}},f_{\theta}})",0.737229133851874
california_2,"A_{\\mathrm{rel}}({\bs w}_{X^{\mathrm{te}},f},{\bs w}_{X^{\mathrm{te}},f_{\theta'}})",0.301695662552373
california_2,"S_{\\mathrm{rel}}({\bs w}_{X^{\mathrm{te}},f},{\bs w}_{X^{\mathrm{te}},f_{\theta'}})",0.698304337447627
california_2,"r({\bs w}_{X^{\mathrm{te}},f},{\bs w}_{X^{\mathrm{te}},f_{\theta'}})",0.855915304969467
california_2,"A_{\\mathrm{rel}}({\bs w}_{X^{\mathrm{te}},f},{\bs w}_{X^{\mathrm{te}},f_{\theta}})",0.925568174052461
california_2,"S_{\\mathrm{rel}}({\bs w}_{X^{\mathrm{te}},f},{\bs w}_{X^{\mathrm{te}},f_{\theta}})",0.0744318259475393
california_2,"r({\bs w}_{X^{\mathrm{te}},f},{\bs w}_{X^{\mathrm{te}},f_{\theta}})",0.291334495331034
california_2,"A_{\\mathrm{rel}}({\bs w}_{X^{\mathrm{te}},f_{\theta'}},{\bs w}_{X^{\mathrm{te}},f_{\theta}})",0.921956214407142
california_2,"S_{\\mathrm{rel}}({\bs w}_{X^{\mathrm{te}},f_{\theta'}},{\bs w}_{X^{\mathrm{te}},f_{\theta}})",0.0780437855928577
california_2,"r({\bs w}_{X^{\mathrm{te}},f_{\theta'}},{\bs w}_{X^{\mathrm{te}},f_{\theta}})",0.442641940072607
california_2,"A_{\\mathrm{rel}}({\bs w}_{X^{\mathrm{tr}},f},{\bs w}_{X^{\mathrm{tr}},f_{\theta'}})",0.293400500181142
california_2,"S_{\\mathrm{rel}}({\bs w}_{X^{\mathrm{tr}},f},{\bs w}_{X^{\mathrm{tr}},f_{\theta'}})",0.706599499818858
california_2,"r({\bs w}_{X^{\mathrm{tr}},f},{\bs w}_{X^{\mathrm{tr}},f_{\theta'}})",0.871794205519999
california_2,"A_{\\mathrm{rel}}({\bs w}_{X^{\mathrm{tr}},f},{\bs w}_{X^{\mathrm{tr}},f_{\theta}})",0.920519139399528
california_2,"S_{\\mathrm{rel}}({\bs w}_{X^{\mathrm{tr}},f},{\bs w}_{X^{\mathrm{tr}},f_{\theta}})",0.0794808606004718
california_2,"r({\bs w}_{X^{\mathrm{tr}},f},{\bs w}_{X^{\mathrm{tr}},f_{\theta}})",0.423255215206304
california_2,"A_{\\mathrm{rel}}({\bs w}_{X^{\mathrm{tr}},f_{\theta'}},{\bs w}_{X^{\mathrm{tr}},f_{\theta}})",0.914785688098517
california_2,"S_{\\mathrm{rel}}({\bs w}_{X^{\mathrm{tr}},f_{\theta'}},{\bs w}_{X^{\mathrm{tr}},f_{\theta}})",0.0852143119014825
california_2,"r({\bs w}_{X^{\mathrm{tr}},f_{\theta'}},{\bs w}_{X^{\mathrm{tr}},f_{\theta}})",0.641338711092254
california_2,"A_{\\mathrm{rel}}({\bs w}_{X^{\mathrm{u}},f},{\bs w}_{X^{\mathrm{u}},f_{\theta'}})",0.314183800111394
california_2,"S_{\\mathrm{rel}}({\bs w}_{X^{\mathrm{u}},f},{\bs w}_{X^{\mathrm{u}},f_{\theta'}})",0.685816199888606
california_2,"r({\bs w}_{X^{\mathrm{u}},f},{\bs w}_{X^{\mathrm{u}},f_{\theta'}})",0.855869072409638
california_2,"A_{\\mathrm{rel}}({\bs w}_{X^{\mathrm{u}},f},{\bs w}_{X^{\mathrm{u}},f_{\theta}})",0.893651219497428
california_2,"S_{\\mathrm{rel}}({\bs w}_{X^{\mathrm{u}},f},{\bs w}_{X^{\mathrm{u}},f_{\theta}})",0.106348780502572
california_2,"r({\bs w}_{X^{\mathrm{u}},f},{\bs w}_{X^{\mathrm{u}},f_{\theta}})",0.351518775645884
california_2,"A_{\\mathrm{rel}}({\bs w}_{X^{\mathrm{u}},f_{\theta'}},{\bs w}_{X^{\mathrm{u}},f_{\theta}})",0.887505129082782
california_2,"S_{\\mathrm{rel}}({\bs w}_{X^{\mathrm{u}},f_{\theta'}},{\bs w}_{X^{\mathrm{u}},f_{\theta}})",0.112494870917218
california_2,"r({\bs w}_{X^{\mathrm{u}},f_{\theta'}},{\bs w}_{X^{\mathrm{u}},f_{\theta}})",0.56082622905474
california_3,"A_{\\mathrm{rel}}({\bs w}_{X^{\mathrm{te}},f},{\bs w}_{X^{\mathrm{te}},f_{\theta'}})",0.999999963106642
california_3,"S_{\\mathrm{rel}}({\bs w}_{X^{\mathrm{te}},f},{\bs w}_{X^{\mathrm{te}},f_{\theta'}})",3.68933577021835e-08
california_3,"r({\bs w}_{X^{\mathrm{te}},f},{\bs w}_{X^{\mathrm{te}},f_{\theta'}})",0.487226009538262
california_3,"A_{\\mathrm{rel}}({\bs w}_{X^{\mathrm{te}},f},{\bs w}_{X^{\mathrm{te}},f_{\theta}})",0.999999965203575
california_3,"S_{\\mathrm{rel}}({\bs w}_{X^{\mathrm{te}},f},{\bs w}_{X^{\mathrm{te}},f_{\theta}})",3.47964246305565e-08
california_3,"r({\bs w}_{X^{\mathrm{te}},f},{\bs w}_{X^{\mathrm{te}},f_{\theta}})",0.511662694630886
california_3,"A_{\\mathrm{rel}}({\bs w}_{X^{\mathrm{te}},f_{\theta'}},{\bs w}_{X^{\mathrm{te}},f_{\theta}})",0.0648555704034909
california_3,"S_{\\mathrm{rel}}({\bs w}_{X^{\mathrm{te}},f_{\theta'}},{\bs w}_{X^{\mathrm{te}},f_{\theta}})",0.935144429596509
california_3,"r({\bs w}_{X^{\mathrm{te}},f_{\theta'}},{\bs w}_{X^{\mathrm{te}},f_{\theta}})",0.998871665397124
california_3,"A_{\\mathrm{rel}}({\bs w}_{X^{\mathrm{tr}},f},{\bs w}_{X^{\mathrm{tr}},f_{\theta'}})",0.999999939722913
california_3,"S_{\\mathrm{rel}}({\bs w}_{X^{\mathrm{tr}},f},{\bs w}_{X^{\mathrm{tr}},f_{\theta'}})",6.02770872104585e-08
california_3,"r({\bs w}_{X^{\mathrm{tr}},f},{\bs w}_{X^{\mathrm{tr}},f_{\theta'}})",0.478096767388228
california_3,"A_{\\mathrm{rel}}({\bs w}_{X^{\mathrm{tr}},f},{\bs w}_{X^{\mathrm{tr}},f_{\theta}})",0.999999944109683
california_3,"S_{\\mathrm{rel}}({\bs w}_{X^{\mathrm{tr}},f},{\bs w}_{X^{\mathrm{tr}},f_{\theta}})",5.58903170411185e-08
california_3,"r({\bs w}_{X^{\mathrm{tr}},f},{\bs w}_{X^{\mathrm{tr}},f_{\theta}})",0.479612940341652
california_3,"A_{\\mathrm{rel}}({\bs w}_{X^{\mathrm{tr}},f_{\theta'}},{\bs w}_{X^{\mathrm{tr}},f_{\theta}})",0.0806545057426586
california_3,"S_{\\mathrm{rel}}({\bs w}_{X^{\mathrm{tr}},f_{\theta'}},{\bs w}_{X^{\mathrm{tr}},f_{\theta}})",0.919345494257341
california_3,"r({\bs w}_{X^{\mathrm{tr}},f_{\theta'}},{\bs w}_{X^{\mathrm{tr}},f_{\theta}})",0.999812847108784
california_3,"A_{\\mathrm{rel}}({\bs w}_{X^{\mathrm{u}},f},{\bs w}_{X^{\mathrm{u}},f_{\theta'}})",0.999999939734522
california_3,"S_{\\mathrm{rel}}({\bs w}_{X^{\mathrm{u}},f},{\bs w}_{X^{\mathrm{u}},f_{\theta'}})",6.02654784964685e-08
california_3,"r({\bs w}_{X^{\mathrm{u}},f},{\bs w}_{X^{\mathrm{u}},f_{\theta'}})",0.471582155007567
california_3,"A_{\\mathrm{rel}}({\bs w}_{X^{\mathrm{u}},f},{\bs w}_{X^{\mathrm{u}},f_{\theta}})",0.999999944100439
california_3,"S_{\\mathrm{rel}}({\bs w}_{X^{\mathrm{u}},f},{\bs w}_{X^{\mathrm{u}},f_{\theta}})",5.58995608690438e-08
california_3,"r({\bs w}_{X^{\mathrm{u}},f},{\bs w}_{X^{\mathrm{u}},f_{\theta}})",0.474681047012157
california_3,"A_{\\mathrm{rel}}({\bs w}_{X^{\mathrm{u}},f_{\theta'}},{\bs w}_{X^{\mathrm{u}},f_{\theta}})",0.0797084959019853
california_3,"S_{\\mathrm{rel}}({\bs w}_{X^{\mathrm{u}},f_{\theta'}},{\bs w}_{X^{\mathrm{u}},f_{\theta}})",0.920291504098015
california_3,"r({\bs w}_{X^{\mathrm{u}},f_{\theta'}},{\bs w}_{X^{\mathrm{u}},f_{\theta}})",0.999800306646226
california_4,"A_{\\mathrm{rel}}({\bs w}_{X^{\mathrm{te}},f},{\bs w}_{X^{\mathrm{te}},f_{\theta'}})",0.999999951527247
california_4,"S_{\\mathrm{rel}}({\bs w}_{X^{\mathrm{te}},f},{\bs w}_{X^{\mathrm{te}},f_{\theta'}})",4.84727531446794e-08
california_4,"r({\bs w}_{X^{\mathrm{te}},f},{\bs w}_{X^{\mathrm{te}},f_{\theta'}})",0.257935438876093
california_4,"A_{\\mathrm{rel}}({\bs w}_{X^{\mathrm{te}},f},{\bs w}_{X^{\mathrm{te}},f_{\theta}})",0.999999943701629
california_4,"S_{\\mathrm{rel}}({\bs w}_{X^{\mathrm{te}},f},{\bs w}_{X^{\mathrm{te}},f_{\theta}})",5.62983707430575e-08
california_4,"r({\bs w}_{X^{\mathrm{te}},f},{\bs w}_{X^{\mathrm{te}},f_{\theta}})",0.26497635240436
california_4,"A_{\\mathrm{rel}}({\bs w}_{X^{\mathrm{te}},f_{\theta'}},{\bs w}_{X^{\mathrm{te}},f_{\theta}})",0.16318739387746
california_4,"S_{\\mathrm{rel}}({\bs w}_{X^{\mathrm{te}},f_{\theta'}},{\bs w}_{X^{\mathrm{te}},f_{\theta}})",0.83681260612254
california_4,"r({\bs w}_{X^{\mathrm{te}},f_{\theta'}},{\bs w}_{X^{\mathrm{te}},f_{\theta}})",0.999925837599217
california_4,"A_{\\mathrm{rel}}({\bs w}_{X^{\mathrm{tr}},f},{\bs w}_{X^{\mathrm{tr}},f_{\theta'}})",0.999999943134073
california_4,"S_{\\mathrm{rel}}({\bs w}_{X^{\mathrm{tr}},f},{\bs w}_{X^{\mathrm{tr}},f_{\theta'}})",5.68659265232085e-08
california_4,"r({\bs w}_{X^{\mathrm{tr}},f},{\bs w}_{X^{\mathrm{tr}},f_{\theta'}})",0.42390387778584
california_4,"A_{\\mathrm{rel}}({\bs w}_{X^{\mathrm{tr}},f},{\bs w}_{X^{\mathrm{tr}},f_{\theta}})",0.999999938389075
california_4,"S_{\\mathrm{rel}}({\bs w}_{X^{\mathrm{tr}},f},{\bs w}_{X^{\mathrm{tr}},f_{\theta}})",6.16109250284325e-08
california_4,"r({\bs w}_{X^{\mathrm{tr}},f},{\bs w}_{X^{\mathrm{tr}},f_{\theta}})",0.438193743526612
california_4,"A_{\\mathrm{rel}}({\bs w}_{X^{\mathrm{tr}},f_{\theta'}},{\bs w}_{X^{\mathrm{tr}},f_{\theta}})",0.0901401611301181
california_4,"S_{\\mathrm{rel}}({\bs w}_{X^{\mathrm{tr}},f_{\theta'}},{\bs w}_{X^{\mathrm{tr}},f_{\theta}})",0.909859838869882
california_4,"r({\bs w}_{X^{\mathrm{tr}},f_{\theta'}},{\bs w}_{X^{\mathrm{tr}},f_{\theta}})",0.999550618318097
california_4,"A_{\\mathrm{rel}}({\bs w}_{X^{\mathrm{u}},f},{\bs w}_{X^{\mathrm{u}},f_{\theta'}})",0.999999921552148
california_4,"S_{\\mathrm{rel}}({\bs w}_{X^{\mathrm{u}},f},{\bs w}_{X^{\mathrm{u}},f_{\theta'}})",7.84478524362697e-08
california_4,"r({\bs w}_{X^{\mathrm{u}},f},{\bs w}_{X^{\mathrm{u}},f_{\theta'}})",0.348190840197906
california_4,"A_{\\mathrm{rel}}({\bs w}_{X^{\mathrm{u}},f},{\bs w}_{X^{\mathrm{u}},f_{\theta}})",0.999999910441565
california_4,"S_{\\mathrm{rel}}({\bs w}_{X^{\mathrm{u}},f},{\bs w}_{X^{\mathrm{u}},f_{\theta}})",8.95584352234025e-08
california_4,"r({\bs w}_{X^{\mathrm{u}},f},{\bs w}_{X^{\mathrm{u}},f_{\theta}})",0.349648305310238
california_4,"A_{\\mathrm{rel}}({\bs w}_{X^{\mathrm{u}},f_{\theta'}},{\bs w}_{X^{\mathrm{u}},f_{\theta}})",0.146499082717553
california_4,"S_{\\mathrm{rel}}({\bs w}_{X^{\mathrm{u}},f_{\theta'}},{\bs w}_{X^{\mathrm{u}},f_{\theta}})",0.853500917282447
california_4,"r({\bs w}_{X^{\mathrm{u}},f_{\theta'}},{\bs w}_{X^{\mathrm{u}},f_{\theta}})",0.999371234591617
california_5,"A_{\\mathrm{rel}}({\bs w}_{X^{\mathrm{te}},f},{\bs w}_{X^{\mathrm{te}},f_{\theta'}})",0.999999988036798
california_5,"S_{\\mathrm{rel}}({\bs w}_{X^{\mathrm{te}},f},{\bs w}_{X^{\mathrm{te}},f_{\theta'}})",1.19632023176663e-08
california_5,"r({\bs w}_{X^{\mathrm{te}},f},{\bs w}_{X^{\mathrm{te}},f_{\theta'}})",0.496456457744358
california_5,"A_{\\mathrm{rel}}({\bs w}_{X^{\mathrm{te}},f},{\bs w}_{X^{\mathrm{te}},f_{\theta}})",0.999999983296267
california_5,"S_{\\mathrm{rel}}({\bs w}_{X^{\mathrm{te}},f},{\bs w}_{X^{\mathrm{te}},f_{\theta}})",1.67037325082831e-08
california_5,"r({\bs w}_{X^{\mathrm{te}},f},{\bs w}_{X^{\mathrm{te}},f_{\theta}})",0.42642488002865
california_5,"A_{\\mathrm{rel}}({\bs w}_{X^{\mathrm{te}},f_{\theta'}},{\bs w}_{X^{\mathrm{te}},f_{\theta}})",0.406342238704306
california_5,"S_{\\mathrm{rel}}({\bs w}_{X^{\mathrm{te}},f_{\theta'}},{\bs w}_{X^{\mathrm{te}},f_{\theta}})",0.593657761295694
california_5,"r({\bs w}_{X^{\mathrm{te}},f_{\theta'}},{\bs w}_{X^{\mathrm{te}},f_{\theta}})",0.994248158046502
california_5,"A_{\\mathrm{rel}}({\bs w}_{X^{\mathrm{tr}},f},{\bs w}_{X^{\mathrm{tr}},f_{\theta'}})",0.99999998619648
california_5,"S_{\\mathrm{rel}}({\bs w}_{X^{\mathrm{tr}},f},{\bs w}_{X^{\mathrm{tr}},f_{\theta'}})",1.38035204377829e-08
california_5,"r({\bs w}_{X^{\mathrm{tr}},f},{\bs w}_{X^{\mathrm{tr}},f_{\theta'}})",0.574013143450308
california_5,"A_{\\mathrm{rel}}({\bs w}_{X^{\mathrm{tr}},f},{\bs w}_{X^{\mathrm{tr}},f_{\theta}})",0.999999981648042
california_5,"S_{\\mathrm{rel}}({\bs w}_{X^{\mathrm{tr}},f},{\bs w}_{X^{\mathrm{tr}},f_{\theta}})",1.83519578422775e-08
california_5,"r({\bs w}_{X^{\mathrm{tr}},f},{\bs w}_{X^{\mathrm{tr}},f_{\theta}})",0.51042034437921
california_5,"A_{\\mathrm{rel}}({\bs w}_{X^{\mathrm{tr}},f_{\theta'}},{\bs w}_{X^{\mathrm{tr}},f_{\theta}})",0.333509808517689
california_5,"S_{\\mathrm{rel}}({\bs w}_{X^{\mathrm{tr}},f_{\theta'}},{\bs w}_{X^{\mathrm{tr}},f_{\theta}})",0.666490191482311
california_5,"r({\bs w}_{X^{\mathrm{tr}},f_{\theta'}},{\bs w}_{X^{\mathrm{tr}},f_{\theta}})",0.99331707243304
california_5,"A_{\\mathrm{rel}}({\bs w}_{X^{\mathrm{u}},f},{\bs w}_{X^{\mathrm{u}},f_{\theta'}})",0.999999985055041
california_5,"S_{\\mathrm{rel}}({\bs w}_{X^{\mathrm{u}},f},{\bs w}_{X^{\mathrm{u}},f_{\theta'}})",1.49449589370576e-08
california_5,"r({\bs w}_{X^{\mathrm{u}},f},{\bs w}_{X^{\mathrm{u}},f_{\theta'}})",0.516158082429884
california_5,"A_{\\mathrm{rel}}({\bs w}_{X^{\mathrm{u}},f},{\bs w}_{X^{\mathrm{u}},f_{\theta}})",0.999999979013512
california_5,"S_{\\mathrm{rel}}({\bs w}_{X^{\mathrm{u}},f},{\bs w}_{X^{\mathrm{u}},f_{\theta}})",2.09864875477805e-08
california_5,"r({\bs w}_{X^{\mathrm{u}},f},{\bs w}_{X^{\mathrm{u}},f_{\theta}})",0.440246400741337
california_5,"A_{\\mathrm{rel}}({\bs w}_{X^{\mathrm{u}},f_{\theta'}},{\bs w}_{X^{\mathrm{u}},f_{\theta}})",0.408063170319718
california_5,"S_{\\mathrm{rel}}({\bs w}_{X^{\mathrm{u}},f_{\theta'}},{\bs w}_{X^{\mathrm{u}},f_{\theta}})",0.591936829680282
california_5,"r({\bs w}_{X^{\mathrm{u}},f_{\theta'}},{\bs w}_{X^{\mathrm{u}},f_{\theta}})",0.990565142808624
california_6,"A_{\\mathrm{rel}}({\bs w}_{X^{\mathrm{te}},f},{\bs w}_{X^{\mathrm{te}},f_{\theta'}})",1.562285639114
california_6,"S_{\\mathrm{rel}}({\bs w}_{X^{\mathrm{te}},f},{\bs w}_{X^{\mathrm{te}},f_{\theta'}})",-0.562285639114
california_6,"r({\bs w}_{X^{\mathrm{te}},f},{\bs w}_{X^{\mathrm{te}},f_{\theta'}})",0.468670728320391
california_6,"A_{\\mathrm{rel}}({\bs w}_{X^{\mathrm{te}},f},{\bs w}_{X^{\mathrm{te}},f_{\theta}})",0.986201208769839
california_6,"S_{\\mathrm{rel}}({\bs w}_{X^{\mathrm{te}},f},{\bs w}_{X^{\mathrm{te}},f_{\theta}})",0.0137987912301613
california_6,"r({\bs w}_{X^{\mathrm{te}},f},{\bs w}_{X^{\mathrm{te}},f_{\theta}})",0.276356567245814
california_6,"A_{\\mathrm{rel}}({\bs w}_{X^{\mathrm{te}},f_{\theta'}},{\bs w}_{X^{\mathrm{te}},f_{\theta}})",0.993176891170138
california_6,"S_{\\mathrm{rel}}({\bs w}_{X^{\mathrm{te}},f_{\theta'}},{\bs w}_{X^{\mathrm{te}},f_{\theta}})",0.00682310882986248
california_6,"r({\bs w}_{X^{\mathrm{te}},f_{\theta'}},{\bs w}_{X^{\mathrm{te}},f_{\theta}})",0.920970585726125
california_6,"A_{\\mathrm{rel}}({\bs w}_{X^{\mathrm{tr}},f},{\bs w}_{X^{\mathrm{tr}},f_{\theta'}})",2.29224531317864
california_6,"S_{\\mathrm{rel}}({\bs w}_{X^{\mathrm{tr}},f},{\bs w}_{X^{\mathrm{tr}},f_{\theta'}})",-1.29224531317864
california_6,"r({\bs w}_{X^{\mathrm{tr}},f},{\bs w}_{X^{\mathrm{tr}},f_{\theta'}})",0.462310347379334
california_6,"A_{\\mathrm{rel}}({\bs w}_{X^{\mathrm{tr}},f},{\bs w}_{X^{\mathrm{tr}},f_{\theta}})",0.983812991756628
california_6,"S_{\\mathrm{rel}}({\bs w}_{X^{\mathrm{tr}},f},{\bs w}_{X^{\mathrm{tr}},f_{\theta}})",0.0161870082433725
california_6,"r({\bs w}_{X^{\mathrm{tr}},f},{\bs w}_{X^{\mathrm{tr}},f_{\theta}})",0.421972747321307
california_6,"A_{\\mathrm{rel}}({\bs w}_{X^{\mathrm{tr}},f_{\theta'}},{\bs w}_{X^{\mathrm{tr}},f_{\theta}})",0.994022278746269
california_6,"S_{\\mathrm{rel}}({\bs w}_{X^{\mathrm{tr}},f_{\theta'}},{\bs w}_{X^{\mathrm{tr}},f_{\theta}})",0.00597772125373075
california_6,"r({\bs w}_{X^{\mathrm{tr}},f_{\theta'}},{\bs w}_{X^{\mathrm{tr}},f_{\theta}})",0.991372642593847
california_6,"A_{\\mathrm{rel}}({\bs w}_{X^{\mathrm{u}},f},{\bs w}_{X^{\mathrm{u}},f_{\theta'}})",2.29265873602936
california_6,"S_{\\mathrm{rel}}({\bs w}_{X^{\mathrm{u}},f},{\bs w}_{X^{\mathrm{u}},f_{\theta'}})",-1.29265873602936
california_6,"r({\bs w}_{X^{\mathrm{u}},f},{\bs w}_{X^{\mathrm{u}},f_{\theta'}})",0.453048143131208
california_6,"A_{\\mathrm{rel}}({\bs w}_{X^{\mathrm{u}},f},{\bs w}_{X^{\mathrm{u}},f_{\theta}})",0.978539757107719
california_6,"S_{\\mathrm{rel}}({\bs w}_{X^{\mathrm{u}},f},{\bs w}_{X^{\mathrm{u}},f_{\theta}})",0.0214602428922814
california_6,"r({\bs w}_{X^{\mathrm{u}},f},{\bs w}_{X^{\mathrm{u}},f_{\theta}})",0.349045825630213
california_6,"A_{\\mathrm{rel}}({\bs w}_{X^{\mathrm{u}},f_{\theta'}},{\bs w}_{X^{\mathrm{u}},f_{\theta}})",0.992050099367503
california_6,"S_{\\mathrm{rel}}({\bs w}_{X^{\mathrm{u}},f_{\theta'}},{\bs w}_{X^{\mathrm{u}},f_{\theta}})",0.0079499006324969
california_6,"r({\bs w}_{X^{\mathrm{u}},f_{\theta'}},{\bs w}_{X^{\mathrm{u}},f_{\theta}})",0.925287450396882
california_7,"A_{\\mathrm{rel}}({\bs w}_{X^{\mathrm{te}},f},{\bs w}_{X^{\mathrm{te}},f_{\theta'}})",0.873771757709086
california_7,"S_{\\mathrm{rel}}({\bs w}_{X^{\mathrm{te}},f},{\bs w}_{X^{\mathrm{te}},f_{\theta'}})",0.126228242290914
california_7,"r({\bs w}_{X^{\mathrm{te}},f},{\bs w}_{X^{\mathrm{te}},f_{\theta'}})",0.65456759302938
california_7,"A_{\\mathrm{rel}}({\bs w}_{X^{\mathrm{te}},f},{\bs w}_{X^{\mathrm{te}},f_{\theta}})",0.987588212593858
california_7,"S_{\\mathrm{rel}}({\bs w}_{X^{\mathrm{te}},f},{\bs w}_{X^{\mathrm{te}},f_{\theta}})",0.012411787406142
california_7,"r({\bs w}_{X^{\mathrm{te}},f},{\bs w}_{X^{\mathrm{te}},f_{\theta}})",0.308340072514139
california_7,"A_{\\mathrm{rel}}({\bs w}_{X^{\mathrm{te}},f_{\theta'}},{\bs w}_{X^{\mathrm{te}},f_{\theta}})",0.990671718052383
california_7,"S_{\\mathrm{rel}}({\bs w}_{X^{\mathrm{te}},f_{\theta'}},{\bs w}_{X^{\mathrm{te}},f_{\theta}})",0.00932828194761737
california_7,"r({\bs w}_{X^{\mathrm{te}},f_{\theta'}},{\bs w}_{X^{\mathrm{te}},f_{\theta}})",0.561507321206291
california_7,"A_{\\mathrm{rel}}({\bs w}_{X^{\mathrm{tr}},f},{\bs w}_{X^{\mathrm{tr}},f_{\theta'}})",1.67088464029248
california_7,"S_{\\mathrm{rel}}({\bs w}_{X^{\mathrm{tr}},f},{\bs w}_{X^{\mathrm{tr}},f_{\theta'}})",-0.670884640292479
california_7,"r({\bs w}_{X^{\mathrm{tr}},f},{\bs w}_{X^{\mathrm{tr}},f_{\theta'}})",0.492856517969654
california_7,"A_{\\mathrm{rel}}({\bs w}_{X^{\mathrm{tr}},f},{\bs w}_{X^{\mathrm{tr}},f_{\theta}})",0.986798192296816
california_7,"S_{\\mathrm{rel}}({\bs w}_{X^{\mathrm{tr}},f},{\bs w}_{X^{\mathrm{tr}},f_{\theta}})",0.0132018077031845
california_7,"r({\bs w}_{X^{\mathrm{tr}},f},{\bs w}_{X^{\mathrm{tr}},f_{\theta}})",0.456994739245711
california_7,"A_{\\mathrm{rel}}({\bs w}_{X^{\mathrm{tr}},f_{\theta'}},{\bs w}_{X^{\mathrm{tr}},f_{\theta}})",0.993681697603867
california_7,"S_{\\mathrm{rel}}({\bs w}_{X^{\mathrm{tr}},f_{\theta'}},{\bs w}_{X^{\mathrm{tr}},f_{\theta}})",0.00631830239613274
california_7,"r({\bs w}_{X^{\mathrm{tr}},f_{\theta'}},{\bs w}_{X^{\mathrm{tr}},f_{\theta}})",0.996311525876418
california_7,"A_{\\mathrm{rel}}({\bs w}_{X^{\mathrm{u}},f},{\bs w}_{X^{\mathrm{u}},f_{\theta'}})",1.67095371379653
california_7,"S_{\\mathrm{rel}}({\bs w}_{X^{\mathrm{u}},f},{\bs w}_{X^{\mathrm{u}},f_{\theta'}})",-0.67095371379653
california_7,"r({\bs w}_{X^{\mathrm{u}},f},{\bs w}_{X^{\mathrm{u}},f_{\theta'}})",0.484267038357054
california_7,"A_{\\mathrm{rel}}({\bs w}_{X^{\mathrm{u}},f},{\bs w}_{X^{\mathrm{u}},f_{\theta}})",0.982341842393318
california_7,"S_{\\mathrm{rel}}({\bs w}_{X^{\mathrm{u}},f},{\bs w}_{X^{\mathrm{u}},f_{\theta}})",0.0176581576066822
california_7,"r({\bs w}_{X^{\mathrm{u}},f},{\bs w}_{X^{\mathrm{u}},f_{\theta}})",0.369713966489044
california_7,"A_{\\mathrm{rel}}({\bs w}_{X^{\mathrm{u}},f_{\theta'}},{\bs w}_{X^{\mathrm{u}},f_{\theta}})",0.991512632767848
california_7,"S_{\\mathrm{rel}}({\bs w}_{X^{\mathrm{u}},f_{\theta'}},{\bs w}_{X^{\mathrm{u}},f_{\theta}})",0.00848736723215204
california_7,"r({\bs w}_{X^{\mathrm{u}},f_{\theta'}},{\bs w}_{X^{\mathrm{u}},f_{\theta}})",0.928116226436293
california_8,"A_{\\mathrm{rel}}({\bs w}_{X^{\mathrm{te}},f},{\bs w}_{X^{\mathrm{te}},f_{\theta'}})",1.7738425694364
california_8,"S_{\\mathrm{rel}}({\bs w}_{X^{\mathrm{te}},f},{\bs w}_{X^{\mathrm{te}},f_{\theta'}})",-0.773842569436402
california_8,"r({\bs w}_{X^{\mathrm{te}},f},{\bs w}_{X^{\mathrm{te}},f_{\theta'}})",0.43009369557972
california_8,"A_{\\mathrm{rel}}({\bs w}_{X^{\mathrm{te}},f},{\bs w}_{X^{\mathrm{te}},f_{\theta}})",0.993296741741492
california_8,"S_{\\mathrm{rel}}({\bs w}_{X^{\mathrm{te}},f},{\bs w}_{X^{\mathrm{te}},f_{\theta}})",0.00670325825850782
california_8,"r({\bs w}_{X^{\mathrm{te}},f},{\bs w}_{X^{\mathrm{te}},f_{\theta}})",0.387718272958018
california_8,"A_{\\mathrm{rel}}({\bs w}_{X^{\mathrm{te}},f_{\theta'}},{\bs w}_{X^{\mathrm{te}},f_{\theta}})",0.997011817809558
california_8,"S_{\\mathrm{rel}}({\bs w}_{X^{\mathrm{te}},f_{\theta'}},{\bs w}_{X^{\mathrm{te}},f_{\theta}})",0.00298818219044206
california_8,"r({\bs w}_{X^{\mathrm{te}},f_{\theta'}},{\bs w}_{X^{\mathrm{te}},f_{\theta}})",0.961212182605782
california_8,"A_{\\mathrm{rel}}({\bs w}_{X^{\mathrm{tr}},f},{\bs w}_{X^{\mathrm{tr}},f_{\theta'}})",2.4350217291915
california_8,"S_{\\mathrm{rel}}({\bs w}_{X^{\mathrm{tr}},f},{\bs w}_{X^{\mathrm{tr}},f_{\theta'}})",-1.4350217291915
california_8,"r({\bs w}_{X^{\mathrm{tr}},f},{\bs w}_{X^{\mathrm{tr}},f_{\theta'}})",0.451874891158294
california_8,"A_{\\mathrm{rel}}({\bs w}_{X^{\mathrm{tr}},f},{\bs w}_{X^{\mathrm{tr}},f_{\theta}})",0.991189810857566
california_8,"S_{\\mathrm{rel}}({\bs w}_{X^{\mathrm{tr}},f},{\bs w}_{X^{\mathrm{tr}},f_{\theta}})",0.00881018914243392
california_8,"r({\bs w}_{X^{\mathrm{tr}},f},{\bs w}_{X^{\mathrm{tr}},f_{\theta}})",0.49271546564324
california_8,"A_{\\mathrm{rel}}({\bs w}_{X^{\mathrm{tr}},f_{\theta'}},{\bs w}_{X^{\mathrm{tr}},f_{\theta}})",0.996933550735769
california_8,"S_{\\mathrm{rel}}({\bs w}_{X^{\mathrm{tr}},f_{\theta'}},{\bs w}_{X^{\mathrm{tr}},f_{\theta}})",0.00306644926423072
california_8,"r({\bs w}_{X^{\mathrm{tr}},f_{\theta'}},{\bs w}_{X^{\mathrm{tr}},f_{\theta}})",0.993530698228699
california_8,"A_{\\mathrm{rel}}({\bs w}_{X^{\mathrm{u}},f},{\bs w}_{X^{\mathrm{u}},f_{\theta'}})",2.5367672421188
california_8,"S_{\\mathrm{rel}}({\bs w}_{X^{\mathrm{u}},f},{\bs w}_{X^{\mathrm{u}},f_{\theta'}})",-1.5367672421188
california_8,"r({\bs w}_{X^{\mathrm{u}},f},{\bs w}_{X^{\mathrm{u}},f_{\theta'}})",0.434207791722313
california_8,"A_{\\mathrm{rel}}({\bs w}_{X^{\mathrm{u}},f},{\bs w}_{X^{\mathrm{u}},f_{\theta}})",0.990300793256264
california_8,"S_{\\mathrm{rel}}({\bs w}_{X^{\mathrm{u}},f},{\bs w}_{X^{\mathrm{u}},f_{\theta}})",0.00969920674373614
california_8,"r({\bs w}_{X^{\mathrm{u}},f},{\bs w}_{X^{\mathrm{u}},f_{\theta}})",0.44471592127469
california_8,"A_{\\mathrm{rel}}({\bs w}_{X^{\mathrm{u}},f_{\theta'}},{\bs w}_{X^{\mathrm{u}},f_{\theta}})",0.996730520622078
california_8,"S_{\\mathrm{rel}}({\bs w}_{X^{\mathrm{u}},f_{\theta'}},{\bs w}_{X^{\mathrm{u}},f_{\theta}})",0.0032694793779221
california_8,"r({\bs w}_{X^{\mathrm{u}},f_{\theta'}},{\bs w}_{X^{\mathrm{u}},f_{\theta}})",0.986983378579916
