iris_0,"A_{\\mathrm{rel}}({\bs w}_{X^{\mathrm{te}},f},{\bs w}_{X^{\mathrm{te}},f_{\theta'}})",0.292426825965437
iris_0,"S_{\\mathrm{rel}}({\bs w}_{X^{\mathrm{te}},f},{\bs w}_{X^{\mathrm{te}},f_{\theta'}})",0.707573174034563
iris_0,"r({\bs w}_{X^{\mathrm{te}},f},{\bs w}_{X^{\mathrm{te}},f_{\theta'}})",0.925933388263109
iris_0,"A_{\\mathrm{rel}}({\bs w}_{X^{\mathrm{te}},f},{\bs w}_{X^{\mathrm{te}},f_{\theta}})",0.987644266213954
iris_0,"S_{\\mathrm{rel}}({\bs w}_{X^{\mathrm{te}},f},{\bs w}_{X^{\mathrm{te}},f_{\theta}})",0.0123557337860457
iris_0,"r({\bs w}_{X^{\mathrm{te}},f},{\bs w}_{X^{\mathrm{te}},f_{\theta}})",0.840619431071354
iris_0,"A_{\\mathrm{rel}}({\bs w}_{X^{\mathrm{te}},f_{\theta'}},{\bs w}_{X^{\mathrm{te}},f_{\theta}})",0.981753497193139
iris_0,"S_{\\mathrm{rel}}({\bs w}_{X^{\mathrm{te}},f_{\theta'}},{\bs w}_{X^{\mathrm{te}},f_{\theta}})",0.0182465028068607
iris_0,"r({\bs w}_{X^{\mathrm{te}},f_{\theta'}},{\bs w}_{X^{\mathrm{te}},f_{\theta}})",0.947229440780784
iris_0,"A_{\\mathrm{rel}}({\bs w}_{X^{\mathrm{tr}},f},{\bs w}_{X^{\mathrm{tr}},f_{\theta'}})",0.386643711976111
iris_0,"S_{\\mathrm{rel}}({\bs w}_{X^{\mathrm{tr}},f},{\bs w}_{X^{\mathrm{tr}},f_{\theta'}})",0.613356288023889
iris_0,"r({\bs w}_{X^{\mathrm{tr}},f},{\bs w}_{X^{\mathrm{tr}},f_{\theta'}})",0.64369927429874
iris_0,"A_{\\mathrm{rel}}({\bs w}_{X^{\mathrm{tr}},f},{\bs w}_{X^{\mathrm{tr}},f_{\theta}})",0.987183608650697
iris_0,"S_{\\mathrm{rel}}({\bs w}_{X^{\mathrm{tr}},f},{\bs w}_{X^{\mathrm{tr}},f_{\theta}})",0.0128163913493031
iris_0,"r({\bs w}_{X^{\mathrm{tr}},f},{\bs w}_{X^{\mathrm{tr}},f_{\theta}})",0.50541085051257
iris_0,"A_{\\mathrm{rel}}({\bs w}_{X^{\mathrm{tr}},f_{\theta'}},{\bs w}_{X^{\mathrm{tr}},f_{\theta}})",0.978996628381154
iris_0,"S_{\\mathrm{rel}}({\bs w}_{X^{\mathrm{tr}},f_{\theta'}},{\bs w}_{X^{\mathrm{tr}},f_{\theta}})",0.0210033716188457
iris_0,"r({\bs w}_{X^{\mathrm{tr}},f_{\theta'}},{\bs w}_{X^{\mathrm{tr}},f_{\theta}})",0.933025306902228
iris_0,"A_{\\mathrm{rel}}({\bs w}_{X^{\mathrm{u}},f},{\bs w}_{X^{\mathrm{u}},f_{\theta'}})",0.38353920037391
iris_0,"S_{\\mathrm{rel}}({\bs w}_{X^{\mathrm{u}},f},{\bs w}_{X^{\mathrm{u}},f_{\theta'}})",0.61646079962609
iris_0,"r({\bs w}_{X^{\mathrm{u}},f},{\bs w}_{X^{\mathrm{u}},f_{\theta'}})",0.642960711275107
iris_0,"A_{\\mathrm{rel}}({\bs w}_{X^{\mathrm{u}},f},{\bs w}_{X^{\mathrm{u}},f_{\theta}})",0.98705160854802
iris_0,"S_{\\mathrm{rel}}({\bs w}_{X^{\mathrm{u}},f},{\bs w}_{X^{\mathrm{u}},f_{\theta}})",0.0129483914519802
iris_0,"r({\bs w}_{X^{\mathrm{u}},f},{\bs w}_{X^{\mathrm{u}},f_{\theta}})",0.508242921101412
iris_0,"A_{\\mathrm{rel}}({\bs w}_{X^{\mathrm{u}},f_{\theta'}},{\bs w}_{X^{\mathrm{u}},f_{\theta}})",0.978945277123747
iris_0,"S_{\\mathrm{rel}}({\bs w}_{X^{\mathrm{u}},f_{\theta'}},{\bs w}_{X^{\mathrm{u}},f_{\theta}})",0.0210547228762533
iris_0,"r({\bs w}_{X^{\mathrm{u}},f_{\theta'}},{\bs w}_{X^{\mathrm{u}},f_{\theta}})",0.930821325992106
iris_1,"A_{\\mathrm{rel}}({\bs w}_{X^{\mathrm{te}},f},{\bs w}_{X^{\mathrm{te}},f_{\theta'}})",0.186476825940899
iris_1,"S_{\\mathrm{rel}}({\bs w}_{X^{\mathrm{te}},f},{\bs w}_{X^{\mathrm{te}},f_{\theta'}})",0.813523174059101
iris_1,"r({\bs w}_{X^{\mathrm{te}},f},{\bs w}_{X^{\mathrm{te}},f_{\theta'}})",0.964310677662031
iris_1,"A_{\\mathrm{rel}}({\bs w}_{X^{\mathrm{te}},f},{\bs w}_{X^{\mathrm{te}},f_{\theta}})",0.979020976059058
iris_1,"S_{\\mathrm{rel}}({\bs w}_{X^{\mathrm{te}},f},{\bs w}_{X^{\mathrm{te}},f_{\theta}})",0.0209790239409423
iris_1,"r({\bs w}_{X^{\mathrm{te}},f},{\bs w}_{X^{\mathrm{te}},f_{\theta}})",0.780999884219169
iris_1,"A_{\\mathrm{rel}}({\bs w}_{X^{\mathrm{te}},f_{\theta'}},{\bs w}_{X^{\mathrm{te}},f_{\theta}})",0.973328615872004
iris_1,"S_{\\mathrm{rel}}({\bs w}_{X^{\mathrm{te}},f_{\theta'}},{\bs w}_{X^{\mathrm{te}},f_{\theta}})",0.0266713841279959
iris_1,"r({\bs w}_{X^{\mathrm{te}},f_{\theta'}},{\bs w}_{X^{\mathrm{te}},f_{\theta}})",0.865406719950211
iris_1,"A_{\\mathrm{rel}}({\bs w}_{X^{\mathrm{tr}},f},{\bs w}_{X^{\mathrm{tr}},f_{\theta'}})",0.288912883219894
iris_1,"S_{\\mathrm{rel}}({\bs w}_{X^{\mathrm{tr}},f},{\bs w}_{X^{\mathrm{tr}},f_{\theta'}})",0.711087116780106
iris_1,"r({\bs w}_{X^{\mathrm{tr}},f},{\bs w}_{X^{\mathrm{tr}},f_{\theta'}})",0.715983569328296
iris_1,"A_{\\mathrm{rel}}({\bs w}_{X^{\mathrm{tr}},f},{\bs w}_{X^{\mathrm{tr}},f_{\theta}})",0.979235523435588
iris_1,"S_{\\mathrm{rel}}({\bs w}_{X^{\mathrm{tr}},f},{\bs w}_{X^{\mathrm{tr}},f_{\theta}})",0.0207644765644118
iris_1,"r({\bs w}_{X^{\mathrm{tr}},f},{\bs w}_{X^{\mathrm{tr}},f_{\theta}})",0.455185534780404
iris_1,"A_{\\mathrm{rel}}({\bs w}_{X^{\mathrm{tr}},f_{\theta'}},{\bs w}_{X^{\mathrm{tr}},f_{\theta}})",0.971084799133591
iris_1,"S_{\\mathrm{rel}}({\bs w}_{X^{\mathrm{tr}},f_{\theta'}},{\bs w}_{X^{\mathrm{tr}},f_{\theta}})",0.0289152008664088
iris_1,"r({\bs w}_{X^{\mathrm{tr}},f_{\theta'}},{\bs w}_{X^{\mathrm{tr}},f_{\theta}})",0.816115893133197
iris_1,"A_{\\mathrm{rel}}({\bs w}_{X^{\mathrm{u}},f},{\bs w}_{X^{\mathrm{u}},f_{\theta'}})",0.281312261112222
iris_1,"S_{\\mathrm{rel}}({\bs w}_{X^{\mathrm{u}},f},{\bs w}_{X^{\mathrm{u}},f_{\theta'}})",0.718687738887778
iris_1,"r({\bs w}_{X^{\mathrm{u}},f},{\bs w}_{X^{\mathrm{u}},f_{\theta'}})",0.721147108165096
iris_1,"A_{\\mathrm{rel}}({\bs w}_{X^{\mathrm{u}},f},{\bs w}_{X^{\mathrm{u}},f_{\theta}})",0.97917960348984
iris_1,"S_{\\mathrm{rel}}({\bs w}_{X^{\mathrm{u}},f},{\bs w}_{X^{\mathrm{u}},f_{\theta}})",0.0208203965101595
iris_1,"r({\bs w}_{X^{\mathrm{u}},f},{\bs w}_{X^{\mathrm{u}},f_{\theta}})",0.453974610371583
iris_1,"A_{\\mathrm{rel}}({\bs w}_{X^{\mathrm{u}},f_{\theta'}},{\bs w}_{X^{\mathrm{u}},f_{\theta}})",0.971366786932253
iris_1,"S_{\\mathrm{rel}}({\bs w}_{X^{\mathrm{u}},f_{\theta'}},{\bs w}_{X^{\mathrm{u}},f_{\theta}})",0.0286332130677467
iris_1,"r({\bs w}_{X^{\mathrm{u}},f_{\theta'}},{\bs w}_{X^{\mathrm{u}},f_{\theta}})",0.810263249367799
iris_2,"A_{\\mathrm{rel}}({\bs w}_{X^{\mathrm{te}},f},{\bs w}_{X^{\mathrm{te}},f_{\theta'}})",0.0986889773827912
iris_2,"S_{\\mathrm{rel}}({\bs w}_{X^{\mathrm{te}},f},{\bs w}_{X^{\mathrm{te}},f_{\theta'}})",0.901311022617209
iris_2,"r({\bs w}_{X^{\mathrm{te}},f},{\bs w}_{X^{\mathrm{te}},f_{\theta'}})",0.987572408955331
iris_2,"A_{\\mathrm{rel}}({\bs w}_{X^{\mathrm{te}},f},{\bs w}_{X^{\mathrm{te}},f_{\theta}})",0.994090548638631
iris_2,"S_{\\mathrm{rel}}({\bs w}_{X^{\mathrm{te}},f},{\bs w}_{X^{\mathrm{te}},f_{\theta}})",0.00590945136136911
iris_2,"r({\bs w}_{X^{\mathrm{te}},f},{\bs w}_{X^{\mathrm{te}},f_{\theta}})",0.818867043558614
iris_2,"A_{\\mathrm{rel}}({\bs w}_{X^{\mathrm{te}},f_{\theta'}},{\bs w}_{X^{\mathrm{te}},f_{\theta}})",0.99109268886393
iris_2,"S_{\\mathrm{rel}}({\bs w}_{X^{\mathrm{te}},f_{\theta'}},{\bs w}_{X^{\mathrm{te}},f_{\theta}})",0.00890731113607035
iris_2,"r({\bs w}_{X^{\mathrm{te}},f_{\theta'}},{\bs w}_{X^{\mathrm{te}},f_{\theta}})",0.863684922180971
iris_2,"A_{\\mathrm{rel}}({\bs w}_{X^{\mathrm{tr}},f},{\bs w}_{X^{\mathrm{tr}},f_{\theta'}})",0.213487671909165
iris_2,"S_{\\mathrm{rel}}({\bs w}_{X^{\mathrm{tr}},f},{\bs w}_{X^{\mathrm{tr}},f_{\theta'}})",0.786512328090835
iris_2,"r({\bs w}_{X^{\mathrm{tr}},f},{\bs w}_{X^{\mathrm{tr}},f_{\theta'}})",0.768627965669645
iris_2,"A_{\\mathrm{rel}}({\bs w}_{X^{\mathrm{tr}},f},{\bs w}_{X^{\mathrm{tr}},f_{\theta}})",0.991950662359213
iris_2,"S_{\\mathrm{rel}}({\bs w}_{X^{\mathrm{tr}},f},{\bs w}_{X^{\mathrm{tr}},f_{\theta}})",0.00804933764078697
iris_2,"r({\bs w}_{X^{\mathrm{tr}},f},{\bs w}_{X^{\mathrm{tr}},f_{\theta}})",0.549725524937449
iris_2,"A_{\\mathrm{rel}}({\bs w}_{X^{\mathrm{tr}},f_{\theta'}},{\bs w}_{X^{\mathrm{tr}},f_{\theta}})",0.989637473391498
iris_2,"S_{\\mathrm{rel}}({\bs w}_{X^{\mathrm{tr}},f_{\theta'}},{\bs w}_{X^{\mathrm{tr}},f_{\theta}})",0.0103625266085023
iris_2,"r({\bs w}_{X^{\mathrm{tr}},f_{\theta'}},{\bs w}_{X^{\mathrm{tr}},f_{\theta}})",0.84873934365249
iris_2,"A_{\\mathrm{rel}}({\bs w}_{X^{\mathrm{u}},f},{\bs w}_{X^{\mathrm{u}},f_{\theta'}})",0.202437231461494
iris_2,"S_{\\mathrm{rel}}({\bs w}_{X^{\mathrm{u}},f},{\bs w}_{X^{\mathrm{u}},f_{\theta'}})",0.797562768538506
iris_2,"r({\bs w}_{X^{\mathrm{u}},f},{\bs w}_{X^{\mathrm{u}},f_{\theta'}})",0.783989758696923
iris_2,"A_{\\mathrm{rel}}({\bs w}_{X^{\mathrm{u}},f},{\bs w}_{X^{\mathrm{u}},f_{\theta}})",0.991933249325822
iris_2,"S_{\\mathrm{rel}}({\bs w}_{X^{\mathrm{u}},f},{\bs w}_{X^{\mathrm{u}},f_{\theta}})",0.00806675067417839
iris_2,"r({\bs w}_{X^{\mathrm{u}},f},{\bs w}_{X^{\mathrm{u}},f_{\theta}})",0.54143325071576
iris_2,"A_{\\mathrm{rel}}({\bs w}_{X^{\mathrm{u}},f_{\theta'}},{\bs w}_{X^{\mathrm{u}},f_{\theta}})",0.989576686143876
iris_2,"S_{\\mathrm{rel}}({\bs w}_{X^{\mathrm{u}},f_{\theta'}},{\bs w}_{X^{\mathrm{u}},f_{\theta}})",0.0104233138561243
iris_2,"r({\bs w}_{X^{\mathrm{u}},f_{\theta'}},{\bs w}_{X^{\mathrm{u}},f_{\theta}})",0.838722752144579
iris_3,"A_{\\mathrm{rel}}({\bs w}_{X^{\mathrm{te}},f},{\bs w}_{X^{\mathrm{te}},f_{\theta'}})",1
iris_3,"S_{\\mathrm{rel}}({\bs w}_{X^{\mathrm{te}},f},{\bs w}_{X^{\mathrm{te}},f_{\theta'}})",0
iris_3,"r({\bs w}_{X^{\mathrm{te}},f},{\bs w}_{X^{\mathrm{te}},f_{\theta'}})",NaN
iris_3,"A_{\\mathrm{rel}}({\bs w}_{X^{\mathrm{te}},f},{\bs w}_{X^{\mathrm{te}},f_{\theta}})",1
iris_3,"S_{\\mathrm{rel}}({\bs w}_{X^{\mathrm{te}},f},{\bs w}_{X^{\mathrm{te}},f_{\theta}})",0
iris_3,"r({\bs w}_{X^{\mathrm{te}},f},{\bs w}_{X^{\mathrm{te}},f_{\theta}})",NaN
iris_3,"A_{\\mathrm{rel}}({\bs w}_{X^{\mathrm{te}},f_{\theta'}},{\bs w}_{X^{\mathrm{te}},f_{\theta}})",NaN
iris_3,"S_{\\mathrm{rel}}({\bs w}_{X^{\mathrm{te}},f_{\theta'}},{\bs w}_{X^{\mathrm{te}},f_{\theta}})",NaN
iris_3,"r({\bs w}_{X^{\mathrm{te}},f_{\theta'}},{\bs w}_{X^{\mathrm{te}},f_{\theta}})",NaN
iris_3,"A_{\\mathrm{rel}}({\bs w}_{X^{\mathrm{tr}},f},{\bs w}_{X^{\mathrm{tr}},f_{\theta'}})",1
iris_3,"S_{\\mathrm{rel}}({\bs w}_{X^{\mathrm{tr}},f},{\bs w}_{X^{\mathrm{tr}},f_{\theta'}})",0
iris_3,"r({\bs w}_{X^{\mathrm{tr}},f},{\bs w}_{X^{\mathrm{tr}},f_{\theta'}})",NaN
iris_3,"A_{\\mathrm{rel}}({\bs w}_{X^{\mathrm{tr}},f},{\bs w}_{X^{\mathrm{tr}},f_{\theta}})",1
iris_3,"S_{\\mathrm{rel}}({\bs w}_{X^{\mathrm{tr}},f},{\bs w}_{X^{\mathrm{tr}},f_{\theta}})",0
iris_3,"r({\bs w}_{X^{\mathrm{tr}},f},{\bs w}_{X^{\mathrm{tr}},f_{\theta}})",NaN
iris_3,"A_{\\mathrm{rel}}({\bs w}_{X^{\mathrm{tr}},f_{\theta'}},{\bs w}_{X^{\mathrm{tr}},f_{\theta}})",NaN
iris_3,"S_{\\mathrm{rel}}({\bs w}_{X^{\mathrm{tr}},f_{\theta'}},{\bs w}_{X^{\mathrm{tr}},f_{\theta}})",NaN
iris_3,"r({\bs w}_{X^{\mathrm{tr}},f_{\theta'}},{\bs w}_{X^{\mathrm{tr}},f_{\theta}})",NaN
iris_3,"A_{\\mathrm{rel}}({\bs w}_{X^{\mathrm{u}},f},{\bs w}_{X^{\mathrm{u}},f_{\theta'}})",1
iris_3,"S_{\\mathrm{rel}}({\bs w}_{X^{\mathrm{u}},f},{\bs w}_{X^{\mathrm{u}},f_{\theta'}})",0
iris_3,"r({\bs w}_{X^{\mathrm{u}},f},{\bs w}_{X^{\mathrm{u}},f_{\theta'}})",NaN
iris_3,"A_{\\mathrm{rel}}({\bs w}_{X^{\mathrm{u}},f},{\bs w}_{X^{\mathrm{u}},f_{\theta}})",1
iris_3,"S_{\\mathrm{rel}}({\bs w}_{X^{\mathrm{u}},f},{\bs w}_{X^{\mathrm{u}},f_{\theta}})",0
iris_3,"r({\bs w}_{X^{\mathrm{u}},f},{\bs w}_{X^{\mathrm{u}},f_{\theta}})",NaN
iris_3,"A_{\\mathrm{rel}}({\bs w}_{X^{\mathrm{u}},f_{\theta'}},{\bs w}_{X^{\mathrm{u}},f_{\theta}})",NaN
iris_3,"S_{\\mathrm{rel}}({\bs w}_{X^{\mathrm{u}},f_{\theta'}},{\bs w}_{X^{\mathrm{u}},f_{\theta}})",NaN
iris_3,"r({\bs w}_{X^{\mathrm{u}},f_{\theta'}},{\bs w}_{X^{\mathrm{u}},f_{\theta}})",NaN
iris_4,"A_{\\mathrm{rel}}({\bs w}_{X^{\mathrm{te}},f},{\bs w}_{X^{\mathrm{te}},f_{\theta'}})",1
iris_4,"S_{\\mathrm{rel}}({\bs w}_{X^{\mathrm{te}},f},{\bs w}_{X^{\mathrm{te}},f_{\theta'}})",0
iris_4,"r({\bs w}_{X^{\mathrm{te}},f},{\bs w}_{X^{\mathrm{te}},f_{\theta'}})",NaN
iris_4,"A_{\\mathrm{rel}}({\bs w}_{X^{\mathrm{te}},f},{\bs w}_{X^{\mathrm{te}},f_{\theta}})",1
iris_4,"S_{\\mathrm{rel}}({\bs w}_{X^{\mathrm{te}},f},{\bs w}_{X^{\mathrm{te}},f_{\theta}})",0
iris_4,"r({\bs w}_{X^{\mathrm{te}},f},{\bs w}_{X^{\mathrm{te}},f_{\theta}})",NaN
iris_4,"A_{\\mathrm{rel}}({\bs w}_{X^{\mathrm{te}},f_{\theta'}},{\bs w}_{X^{\mathrm{te}},f_{\theta}})",NaN
iris_4,"S_{\\mathrm{rel}}({\bs w}_{X^{\mathrm{te}},f_{\theta'}},{\bs w}_{X^{\mathrm{te}},f_{\theta}})",NaN
iris_4,"r({\bs w}_{X^{\mathrm{te}},f_{\theta'}},{\bs w}_{X^{\mathrm{te}},f_{\theta}})",NaN
iris_4,"A_{\\mathrm{rel}}({\bs w}_{X^{\mathrm{tr}},f},{\bs w}_{X^{\mathrm{tr}},f_{\theta'}})",1
iris_4,"S_{\\mathrm{rel}}({\bs w}_{X^{\mathrm{tr}},f},{\bs w}_{X^{\mathrm{tr}},f_{\theta'}})",0
iris_4,"r({\bs w}_{X^{\mathrm{tr}},f},{\bs w}_{X^{\mathrm{tr}},f_{\theta'}})",NaN
iris_4,"A_{\\mathrm{rel}}({\bs w}_{X^{\mathrm{tr}},f},{\bs w}_{X^{\mathrm{tr}},f_{\theta}})",0.999999981991754
iris_4,"S_{\\mathrm{rel}}({\bs w}_{X^{\mathrm{tr}},f},{\bs w}_{X^{\mathrm{tr}},f_{\theta}})",1.80082458944852e-08
iris_4,"r({\bs w}_{X^{\mathrm{tr}},f},{\bs w}_{X^{\mathrm{tr}},f_{\theta}})",0.721958071561713
iris_4,"A_{\\mathrm{rel}}({\bs w}_{X^{\mathrm{tr}},f_{\theta'}},{\bs w}_{X^{\mathrm{tr}},f_{\theta}})",Inf
iris_4,"S_{\\mathrm{rel}}({\bs w}_{X^{\mathrm{tr}},f_{\theta'}},{\bs w}_{X^{\mathrm{tr}},f_{\theta}})",-Inf
iris_4,"r({\bs w}_{X^{\mathrm{tr}},f_{\theta'}},{\bs w}_{X^{\mathrm{tr}},f_{\theta}})",NaN
iris_4,"A_{\\mathrm{rel}}({\bs w}_{X^{\mathrm{u}},f},{\bs w}_{X^{\mathrm{u}},f_{\theta'}})",1
iris_4,"S_{\\mathrm{rel}}({\bs w}_{X^{\mathrm{u}},f},{\bs w}_{X^{\mathrm{u}},f_{\theta'}})",0
iris_4,"r({\bs w}_{X^{\mathrm{u}},f},{\bs w}_{X^{\mathrm{u}},f_{\theta'}})",NaN
iris_4,"A_{\\mathrm{rel}}({\bs w}_{X^{\mathrm{u}},f},{\bs w}_{X^{\mathrm{u}},f_{\theta}})",0.999999978926576
iris_4,"S_{\\mathrm{rel}}({\bs w}_{X^{\mathrm{u}},f},{\bs w}_{X^{\mathrm{u}},f_{\theta}})",2.10734242278576e-08
iris_4,"r({\bs w}_{X^{\mathrm{u}},f},{\bs w}_{X^{\mathrm{u}},f_{\theta}})",0.999999999999979
iris_4,"A_{\\mathrm{rel}}({\bs w}_{X^{\mathrm{u}},f_{\theta'}},{\bs w}_{X^{\mathrm{u}},f_{\theta}})",Inf
iris_4,"S_{\\mathrm{rel}}({\bs w}_{X^{\mathrm{u}},f_{\theta'}},{\bs w}_{X^{\mathrm{u}},f_{\theta}})",-Inf
iris_4,"r({\bs w}_{X^{\mathrm{u}},f_{\theta'}},{\bs w}_{X^{\mathrm{u}},f_{\theta}})",NaN
iris_5,"A_{\\mathrm{rel}}({\bs w}_{X^{\mathrm{te}},f},{\bs w}_{X^{\mathrm{te}},f_{\theta'}})",0.999999993850488
iris_5,"S_{\\mathrm{rel}}({\bs w}_{X^{\mathrm{te}},f},{\bs w}_{X^{\mathrm{te}},f_{\theta'}})",6.14951234378935e-09
iris_5,"r({\bs w}_{X^{\mathrm{te}},f},{\bs w}_{X^{\mathrm{te}},f_{\theta'}})",0.318230712875519
iris_5,"A_{\\mathrm{rel}}({\bs w}_{X^{\mathrm{te}},f},{\bs w}_{X^{\mathrm{te}},f_{\theta}})",1
iris_5,"S_{\\mathrm{rel}}({\bs w}_{X^{\mathrm{te}},f},{\bs w}_{X^{\mathrm{te}},f_{\theta}})",0
iris_5,"r({\bs w}_{X^{\mathrm{te}},f},{\bs w}_{X^{\mathrm{te}},f_{\theta}})",NaN
iris_5,"A_{\\mathrm{rel}}({\bs w}_{X^{\mathrm{te}},f_{\theta'}},{\bs w}_{X^{\mathrm{te}},f_{\theta}})",1
iris_5,"S_{\\mathrm{rel}}({\bs w}_{X^{\mathrm{te}},f_{\theta'}},{\bs w}_{X^{\mathrm{te}},f_{\theta}})",0
iris_5,"r({\bs w}_{X^{\mathrm{te}},f_{\theta'}},{\bs w}_{X^{\mathrm{te}},f_{\theta}})",NaN
iris_5,"A_{\\mathrm{rel}}({\bs w}_{X^{\mathrm{tr}},f},{\bs w}_{X^{\mathrm{tr}},f_{\theta'}})",0.99999998165549
iris_5,"S_{\\mathrm{rel}}({\bs w}_{X^{\mathrm{tr}},f},{\bs w}_{X^{\mathrm{tr}},f_{\theta'}})",1.83445102441837e-08
iris_5,"r({\bs w}_{X^{\mathrm{tr}},f},{\bs w}_{X^{\mathrm{tr}},f_{\theta'}})",0.617477987048281
iris_5,"A_{\\mathrm{rel}}({\bs w}_{X^{\mathrm{tr}},f},{\bs w}_{X^{\mathrm{tr}},f_{\theta}})",0.999999975348311
iris_5,"S_{\\mathrm{rel}}({\bs w}_{X^{\mathrm{tr}},f},{\bs w}_{X^{\mathrm{tr}},f_{\theta}})",2.46516886903692e-08
iris_5,"r({\bs w}_{X^{\mathrm{tr}},f},{\bs w}_{X^{\mathrm{tr}},f_{\theta}})",0.68558479991218
iris_5,"A_{\\mathrm{rel}}({\bs w}_{X^{\mathrm{tr}},f_{\theta'}},{\bs w}_{X^{\mathrm{tr}},f_{\theta}})",0.571004694287369
iris_5,"S_{\\mathrm{rel}}({\bs w}_{X^{\mathrm{tr}},f_{\theta'}},{\bs w}_{X^{\mathrm{tr}},f_{\theta}})",0.428995305712631
iris_5,"r({\bs w}_{X^{\mathrm{tr}},f_{\theta'}},{\bs w}_{X^{\mathrm{tr}},f_{\theta}})",0.42333352220067
iris_5,"A_{\\mathrm{rel}}({\bs w}_{X^{\mathrm{u}},f},{\bs w}_{X^{\mathrm{u}},f_{\theta'}})",0.99999998165549
iris_5,"S_{\\mathrm{rel}}({\bs w}_{X^{\mathrm{u}},f},{\bs w}_{X^{\mathrm{u}},f_{\theta'}})",1.83445102441837e-08
iris_5,"r({\bs w}_{X^{\mathrm{u}},f},{\bs w}_{X^{\mathrm{u}},f_{\theta'}})",0.617477987048281
iris_5,"A_{\\mathrm{rel}}({\bs w}_{X^{\mathrm{u}},f},{\bs w}_{X^{\mathrm{u}},f_{\theta}})",0.999999975348311
iris_5,"S_{\\mathrm{rel}}({\bs w}_{X^{\mathrm{u}},f},{\bs w}_{X^{\mathrm{u}},f_{\theta}})",2.46516886903692e-08
iris_5,"r({\bs w}_{X^{\mathrm{u}},f},{\bs w}_{X^{\mathrm{u}},f_{\theta}})",0.68558479991218
iris_5,"A_{\\mathrm{rel}}({\bs w}_{X^{\mathrm{u}},f_{\theta'}},{\bs w}_{X^{\mathrm{u}},f_{\theta}})",0.571004694287369
iris_5,"S_{\\mathrm{rel}}({\bs w}_{X^{\mathrm{u}},f_{\theta'}},{\bs w}_{X^{\mathrm{u}},f_{\theta}})",0.428995305712631
iris_5,"r({\bs w}_{X^{\mathrm{u}},f_{\theta'}},{\bs w}_{X^{\mathrm{u}},f_{\theta}})",0.42333352220067
iris_6,"A_{\\mathrm{rel}}({\bs w}_{X^{\mathrm{te}},f},{\bs w}_{X^{\mathrm{te}},f_{\theta'}})",0.99739562080346
iris_6,"S_{\\mathrm{rel}}({\bs w}_{X^{\mathrm{te}},f},{\bs w}_{X^{\mathrm{te}},f_{\theta'}})",0.00260437919654044
iris_6,"r({\bs w}_{X^{\mathrm{te}},f},{\bs w}_{X^{\mathrm{te}},f_{\theta'}})",0.860269728375791
iris_6,"A_{\\mathrm{rel}}({\bs w}_{X^{\mathrm{te}},f},{\bs w}_{X^{\mathrm{te}},f_{\theta}})",0.996195859659205
iris_6,"S_{\\mathrm{rel}}({\bs w}_{X^{\mathrm{te}},f},{\bs w}_{X^{\mathrm{te}},f_{\theta}})",0.00380414034079535
iris_6,"r({\bs w}_{X^{\mathrm{te}},f},{\bs w}_{X^{\mathrm{te}},f_{\theta}})",0.715768535457235
iris_6,"A_{\\mathrm{rel}}({\bs w}_{X^{\mathrm{te}},f_{\theta'}},{\bs w}_{X^{\mathrm{te}},f_{\theta}})",0.432883106456989
iris_6,"S_{\\mathrm{rel}}({\bs w}_{X^{\mathrm{te}},f_{\theta'}},{\bs w}_{X^{\mathrm{te}},f_{\theta}})",0.567116893543011
iris_6,"r({\bs w}_{X^{\mathrm{te}},f_{\theta'}},{\bs w}_{X^{\mathrm{te}},f_{\theta}})",0.931365981030492
iris_6,"A_{\\mathrm{rel}}({\bs w}_{X^{\mathrm{tr}},f},{\bs w}_{X^{\mathrm{tr}},f_{\theta'}})",0.997037750415849
iris_6,"S_{\\mathrm{rel}}({\bs w}_{X^{\mathrm{tr}},f},{\bs w}_{X^{\mathrm{tr}},f_{\theta'}})",0.00296224958415092
iris_6,"r({\bs w}_{X^{\mathrm{tr}},f},{\bs w}_{X^{\mathrm{tr}},f_{\theta'}})",0.490467165244484
iris_6,"A_{\\mathrm{rel}}({\bs w}_{X^{\mathrm{tr}},f},{\bs w}_{X^{\mathrm{tr}},f_{\theta}})",0.996872696645599
iris_6,"S_{\\mathrm{rel}}({\bs w}_{X^{\mathrm{tr}},f},{\bs w}_{X^{\mathrm{tr}},f_{\theta}})",0.00312730335440103
iris_6,"r({\bs w}_{X^{\mathrm{tr}},f},{\bs w}_{X^{\mathrm{tr}},f_{\theta}})",0.422061888060251
iris_6,"A_{\\mathrm{rel}}({\bs w}_{X^{\mathrm{tr}},f_{\theta'}},{\bs w}_{X^{\mathrm{tr}},f_{\theta}})",0.183539595734119
iris_6,"S_{\\mathrm{rel}}({\bs w}_{X^{\mathrm{tr}},f_{\theta'}},{\bs w}_{X^{\mathrm{tr}},f_{\theta}})",0.816460404265881
iris_6,"r({\bs w}_{X^{\mathrm{tr}},f_{\theta'}},{\bs w}_{X^{\mathrm{tr}},f_{\theta}})",0.984582748176533
iris_6,"A_{\\mathrm{rel}}({\bs w}_{X^{\mathrm{u}},f},{\bs w}_{X^{\mathrm{u}},f_{\theta'}})",0.997027216141006
iris_6,"S_{\\mathrm{rel}}({\bs w}_{X^{\mathrm{u}},f},{\bs w}_{X^{\mathrm{u}},f_{\theta'}})",0.0029727838589938
iris_6,"r({\bs w}_{X^{\mathrm{u}},f},{\bs w}_{X^{\mathrm{u}},f_{\theta'}})",0.492257018471134
iris_6,"A_{\\mathrm{rel}}({\bs w}_{X^{\mathrm{u}},f},{\bs w}_{X^{\mathrm{u}},f_{\theta}})",0.996873178910494
iris_6,"S_{\\mathrm{rel}}({\bs w}_{X^{\mathrm{u}},f},{\bs w}_{X^{\mathrm{u}},f_{\theta}})",0.00312682108950635
iris_6,"r({\bs w}_{X^{\mathrm{u}},f},{\bs w}_{X^{\mathrm{u}},f_{\theta}})",0.416347829907485
iris_6,"A_{\\mathrm{rel}}({\bs w}_{X^{\mathrm{u}},f_{\theta'}},{\bs w}_{X^{\mathrm{u}},f_{\theta}})",0.183493754153625
iris_6,"S_{\\mathrm{rel}}({\bs w}_{X^{\mathrm{u}},f_{\theta'}},{\bs w}_{X^{\mathrm{u}},f_{\theta}})",0.816506245846375
iris_6,"r({\bs w}_{X^{\mathrm{u}},f_{\theta'}},{\bs w}_{X^{\mathrm{u}},f_{\theta}})",0.984057811811761
iris_7,"A_{\\mathrm{rel}}({\bs w}_{X^{\mathrm{te}},f},{\bs w}_{X^{\mathrm{te}},f_{\theta'}})",0.975636449610297
iris_7,"S_{\\mathrm{rel}}({\bs w}_{X^{\mathrm{te}},f},{\bs w}_{X^{\mathrm{te}},f_{\theta'}})",0.0243635503897026
iris_7,"r({\bs w}_{X^{\mathrm{te}},f},{\bs w}_{X^{\mathrm{te}},f_{\theta'}})",0.900958171592157
iris_7,"A_{\\mathrm{rel}}({\bs w}_{X^{\mathrm{te}},f},{\bs w}_{X^{\mathrm{te}},f_{\theta}})",0.998324530122331
iris_7,"S_{\\mathrm{rel}}({\bs w}_{X^{\mathrm{te}},f},{\bs w}_{X^{\mathrm{te}},f_{\theta}})",0.00167546987766853
iris_7,"r({\bs w}_{X^{\mathrm{te}},f},{\bs w}_{X^{\mathrm{te}},f_{\theta}})",0.829498184997284
iris_7,"A_{\\mathrm{rel}}({\bs w}_{X^{\mathrm{te}},f_{\theta'}},{\bs w}_{X^{\mathrm{te}},f_{\theta}})",0.924843130773489
iris_7,"S_{\\mathrm{rel}}({\bs w}_{X^{\mathrm{te}},f_{\theta'}},{\bs w}_{X^{\mathrm{te}},f_{\theta}})",0.0751568692265108
iris_7,"r({\bs w}_{X^{\mathrm{te}},f_{\theta'}},{\bs w}_{X^{\mathrm{te}},f_{\theta}})",0.926456413847171
iris_7,"A_{\\mathrm{rel}}({\bs w}_{X^{\mathrm{tr}},f},{\bs w}_{X^{\mathrm{tr}},f_{\theta'}})",0.967279650789685
iris_7,"S_{\\mathrm{rel}}({\bs w}_{X^{\mathrm{tr}},f},{\bs w}_{X^{\mathrm{tr}},f_{\theta'}})",0.0327203492103146
iris_7,"r({\bs w}_{X^{\mathrm{tr}},f},{\bs w}_{X^{\mathrm{tr}},f_{\theta'}})",0.517206733365548
iris_7,"A_{\\mathrm{rel}}({\bs w}_{X^{\mathrm{tr}},f},{\bs w}_{X^{\mathrm{tr}},f_{\theta}})",0.99815218786403
iris_7,"S_{\\mathrm{rel}}({\bs w}_{X^{\mathrm{tr}},f},{\bs w}_{X^{\mathrm{tr}},f_{\theta}})",0.00184781213597007
iris_7,"r({\bs w}_{X^{\mathrm{tr}},f},{\bs w}_{X^{\mathrm{tr}},f_{\theta}})",0.592757116526773
iris_7,"A_{\\mathrm{rel}}({\bs w}_{X^{\mathrm{tr}},f_{\theta'}},{\bs w}_{X^{\mathrm{tr}},f_{\theta}})",0.942358128272558
iris_7,"S_{\\mathrm{rel}}({\bs w}_{X^{\mathrm{tr}},f_{\theta'}},{\bs w}_{X^{\mathrm{tr}},f_{\theta}})",0.0576418717274424
iris_7,"r({\bs w}_{X^{\mathrm{tr}},f_{\theta'}},{\bs w}_{X^{\mathrm{tr}},f_{\theta}})",0.986549431036434
iris_7,"A_{\\mathrm{rel}}({\bs w}_{X^{\mathrm{u}},f},{\bs w}_{X^{\mathrm{u}},f_{\theta'}})",0.967151008352258
iris_7,"S_{\\mathrm{rel}}({\bs w}_{X^{\mathrm{u}},f},{\bs w}_{X^{\mathrm{u}},f_{\theta'}})",0.032848991647742
iris_7,"r({\bs w}_{X^{\mathrm{u}},f},{\bs w}_{X^{\mathrm{u}},f_{\theta'}})",0.520530578064674
iris_7,"A_{\\mathrm{rel}}({\bs w}_{X^{\mathrm{u}},f},{\bs w}_{X^{\mathrm{u}},f_{\theta}})",0.99809036995059
iris_7,"S_{\\mathrm{rel}}({\bs w}_{X^{\mathrm{u}},f},{\bs w}_{X^{\mathrm{u}},f_{\theta}})",0.00190963004940981
iris_7,"r({\bs w}_{X^{\mathrm{u}},f},{\bs w}_{X^{\mathrm{u}},f_{\theta}})",0.586576959072664
iris_7,"A_{\\mathrm{rel}}({\bs w}_{X^{\mathrm{u}},f_{\theta'}},{\bs w}_{X^{\mathrm{u}},f_{\theta}})",0.940395165859925
iris_7,"S_{\\mathrm{rel}}({\bs w}_{X^{\mathrm{u}},f_{\theta'}},{\bs w}_{X^{\mathrm{u}},f_{\theta}})",0.0596048341400753
iris_7,"r({\bs w}_{X^{\mathrm{u}},f_{\theta'}},{\bs w}_{X^{\mathrm{u}},f_{\theta}})",0.986506430476712
iris_8,"A_{\\mathrm{rel}}({\bs w}_{X^{\mathrm{te}},f},{\bs w}_{X^{\mathrm{te}},f_{\theta'}})",0.966601934625705
iris_8,"S_{\\mathrm{rel}}({\bs w}_{X^{\mathrm{te}},f},{\bs w}_{X^{\mathrm{te}},f_{\theta'}})",0.0333980653742952
iris_8,"r({\bs w}_{X^{\mathrm{te}},f},{\bs w}_{X^{\mathrm{te}},f_{\theta'}})",0.903265417878525
iris_8,"A_{\\mathrm{rel}}({\bs w}_{X^{\mathrm{te}},f},{\bs w}_{X^{\mathrm{te}},f_{\theta}})",0.995429882935545
iris_8,"S_{\\mathrm{rel}}({\bs w}_{X^{\mathrm{te}},f},{\bs w}_{X^{\mathrm{te}},f_{\theta}})",0.00457011706445531
iris_8,"r({\bs w}_{X^{\mathrm{te}},f},{\bs w}_{X^{\mathrm{te}},f_{\theta}})",0.754453346470475
iris_8,"A_{\\mathrm{rel}}({\bs w}_{X^{\mathrm{te}},f_{\theta'}},{\bs w}_{X^{\mathrm{te}},f_{\theta}})",0.878145791609909
iris_8,"S_{\\mathrm{rel}}({\bs w}_{X^{\mathrm{te}},f_{\theta'}},{\bs w}_{X^{\mathrm{te}},f_{\theta}})",0.121854208390091
iris_8,"r({\bs w}_{X^{\mathrm{te}},f_{\theta'}},{\bs w}_{X^{\mathrm{te}},f_{\theta}})",0.901859859223431
iris_8,"A_{\\mathrm{rel}}({\bs w}_{X^{\mathrm{tr}},f},{\bs w}_{X^{\mathrm{tr}},f_{\theta'}})",0.958379535385855
iris_8,"S_{\\mathrm{rel}}({\bs w}_{X^{\mathrm{tr}},f},{\bs w}_{X^{\mathrm{tr}},f_{\theta'}})",0.0416204646141454
iris_8,"r({\bs w}_{X^{\mathrm{tr}},f},{\bs w}_{X^{\mathrm{tr}},f_{\theta'}})",0.505483338683455
iris_8,"A_{\\mathrm{rel}}({\bs w}_{X^{\mathrm{tr}},f},{\bs w}_{X^{\mathrm{tr}},f_{\theta}})",0.996001827741891
iris_8,"S_{\\mathrm{rel}}({\bs w}_{X^{\mathrm{tr}},f},{\bs w}_{X^{\mathrm{tr}},f_{\theta}})",0.00399817225810939
iris_8,"r({\bs w}_{X^{\mathrm{tr}},f},{\bs w}_{X^{\mathrm{tr}},f_{\theta}})",0.442267240995888
iris_8,"A_{\\mathrm{rel}}({\bs w}_{X^{\mathrm{tr}},f_{\theta'}},{\bs w}_{X^{\mathrm{tr}},f_{\theta}})",0.90516334885543
iris_8,"S_{\\mathrm{rel}}({\bs w}_{X^{\mathrm{tr}},f_{\theta'}},{\bs w}_{X^{\mathrm{tr}},f_{\theta}})",0.0948366511445699
iris_8,"r({\bs w}_{X^{\mathrm{tr}},f_{\theta'}},{\bs w}_{X^{\mathrm{tr}},f_{\theta}})",0.973111383697034
iris_8,"A_{\\mathrm{rel}}({\bs w}_{X^{\mathrm{u}},f},{\bs w}_{X^{\mathrm{u}},f_{\theta'}})",0.958211669622841
iris_8,"S_{\\mathrm{rel}}({\bs w}_{X^{\mathrm{u}},f},{\bs w}_{X^{\mathrm{u}},f_{\theta'}})",0.0417883303771595
iris_8,"r({\bs w}_{X^{\mathrm{u}},f},{\bs w}_{X^{\mathrm{u}},f_{\theta'}})",0.505117990631333
iris_8,"A_{\\mathrm{rel}}({\bs w}_{X^{\mathrm{u}},f},{\bs w}_{X^{\mathrm{u}},f_{\theta}})",0.995988969108661
iris_8,"S_{\\mathrm{rel}}({\bs w}_{X^{\mathrm{u}},f},{\bs w}_{X^{\mathrm{u}},f_{\theta}})",0.0040110308913387
iris_8,"r({\bs w}_{X^{\mathrm{u}},f},{\bs w}_{X^{\mathrm{u}},f_{\theta}})",0.440979353433385
iris_8,"A_{\\mathrm{rel}}({\bs w}_{X^{\mathrm{u}},f_{\theta'}},{\bs w}_{X^{\mathrm{u}},f_{\theta}})",0.905198389743318
iris_8,"S_{\\mathrm{rel}}({\bs w}_{X^{\mathrm{u}},f_{\theta'}},{\bs w}_{X^{\mathrm{u}},f_{\theta}})",0.0948016102566815
iris_8,"r({\bs w}_{X^{\mathrm{u}},f_{\theta'}},{\bs w}_{X^{\mathrm{u}},f_{\theta}})",0.972938513233892
