MNIST_0,"A_{\\mathrm{rel}}({\bs w}_{X^{\mathrm{te}},f},{\bs w}_{X^{\mathrm{te}},f_{\theta'}})",0.0475382521387141
MNIST_0,"S_{\\mathrm{rel}}({\bs w}_{X^{\mathrm{te}},f},{\bs w}_{X^{\mathrm{te}},f_{\theta'}})",0.952461747861286
MNIST_0,"r({\bs w}_{X^{\mathrm{te}},f},{\bs w}_{X^{\mathrm{te}},f_{\theta'}})",0.972534889932058
MNIST_0,"A_{\\mathrm{rel}}({\bs w}_{X^{\mathrm{te}},f},{\bs w}_{X^{\mathrm{te}},f_{\theta}})",0.978413756790141
MNIST_0,"S_{\\mathrm{rel}}({\bs w}_{X^{\mathrm{te}},f},{\bs w}_{X^{\mathrm{te}},f_{\theta}})",0.0215862432098595
MNIST_0,"r({\bs w}_{X^{\mathrm{te}},f},{\bs w}_{X^{\mathrm{te}},f_{\theta}})",0.74442159132938
MNIST_0,"A_{\\mathrm{rel}}({\bs w}_{X^{\mathrm{te}},f_{\theta'}},{\bs w}_{X^{\mathrm{te}},f_{\theta}})",0.975523158332173
MNIST_0,"S_{\\mathrm{rel}}({\bs w}_{X^{\mathrm{te}},f_{\theta'}},{\bs w}_{X^{\mathrm{te}},f_{\theta}})",0.0244768416678269
MNIST_0,"r({\bs w}_{X^{\mathrm{te}},f_{\theta'}},{\bs w}_{X^{\mathrm{te}},f_{\theta}})",0.789452219602891
MNIST_0,"A_{\\mathrm{rel}}({\bs w}_{X^{\mathrm{tr}},f},{\bs w}_{X^{\mathrm{tr}},f_{\theta'}})",0.0415628491783539
MNIST_0,"S_{\\mathrm{rel}}({\bs w}_{X^{\mathrm{tr}},f},{\bs w}_{X^{\mathrm{tr}},f_{\theta'}})",0.958437150821646
MNIST_0,"r({\bs w}_{X^{\mathrm{tr}},f},{\bs w}_{X^{\mathrm{tr}},f_{\theta'}})",0.983541419086736
MNIST_0,"A_{\\mathrm{rel}}({\bs w}_{X^{\mathrm{tr}},f},{\bs w}_{X^{\mathrm{tr}},f_{\theta}})",0.978990862128551
MNIST_0,"S_{\\mathrm{rel}}({\bs w}_{X^{\mathrm{tr}},f},{\bs w}_{X^{\mathrm{tr}},f_{\theta}})",0.0210091378714486
MNIST_0,"r({\bs w}_{X^{\mathrm{tr}},f},{\bs w}_{X^{\mathrm{tr}},f_{\theta}})",0.714364121940899
MNIST_0,"A_{\\mathrm{rel}}({\bs w}_{X^{\mathrm{tr}},f_{\theta'}},{\bs w}_{X^{\mathrm{tr}},f_{\theta}})",0.976757953144522
MNIST_0,"S_{\\mathrm{rel}}({\bs w}_{X^{\mathrm{tr}},f_{\theta'}},{\bs w}_{X^{\mathrm{tr}},f_{\theta}})",0.0232420468554785
MNIST_0,"r({\bs w}_{X^{\mathrm{tr}},f_{\theta'}},{\bs w}_{X^{\mathrm{tr}},f_{\theta}})",0.752517394782782
MNIST_0,"A_{\\mathrm{rel}}({\bs w}_{X^{\mathrm{u}},f},{\bs w}_{X^{\mathrm{u}},f_{\theta'}})",0.0415768333995088
MNIST_0,"S_{\\mathrm{rel}}({\bs w}_{X^{\mathrm{u}},f},{\bs w}_{X^{\mathrm{u}},f_{\theta'}})",0.958423166600491
MNIST_0,"r({\bs w}_{X^{\mathrm{u}},f},{\bs w}_{X^{\mathrm{u}},f_{\theta'}})",0.983546174654619
MNIST_0,"A_{\\mathrm{rel}}({\bs w}_{X^{\mathrm{u}},f},{\bs w}_{X^{\mathrm{u}},f_{\theta}})",0.978340930246028
MNIST_0,"S_{\\mathrm{rel}}({\bs w}_{X^{\mathrm{u}},f},{\bs w}_{X^{\mathrm{u}},f_{\theta}})",0.0216590697539717
MNIST_0,"r({\bs w}_{X^{\mathrm{u}},f},{\bs w}_{X^{\mathrm{u}},f_{\theta}})",0.705820763913317
MNIST_0,"A_{\\mathrm{rel}}({\bs w}_{X^{\mathrm{u}},f_{\theta'}},{\bs w}_{X^{\mathrm{u}},f_{\theta}})",0.976099670858843
MNIST_0,"S_{\\mathrm{rel}}({\bs w}_{X^{\mathrm{u}},f_{\theta'}},{\bs w}_{X^{\mathrm{u}},f_{\theta}})",0.0239003291411566
MNIST_0,"r({\bs w}_{X^{\mathrm{u}},f_{\theta'}},{\bs w}_{X^{\mathrm{u}},f_{\theta}})",0.74365734223043
MNIST_1,"A_{\\mathrm{rel}}({\bs w}_{X^{\mathrm{te}},f},{\bs w}_{X^{\mathrm{te}},f_{\theta'}})",0.07184146829354
MNIST_1,"S_{\\mathrm{rel}}({\bs w}_{X^{\mathrm{te}},f},{\bs w}_{X^{\mathrm{te}},f_{\theta'}})",0.92815853170646
MNIST_1,"r({\bs w}_{X^{\mathrm{te}},f},{\bs w}_{X^{\mathrm{te}},f_{\theta'}})",0.943569532019178
MNIST_1,"A_{\\mathrm{rel}}({\bs w}_{X^{\mathrm{te}},f},{\bs w}_{X^{\mathrm{te}},f_{\theta}})",0.983578357010779
MNIST_1,"S_{\\mathrm{rel}}({\bs w}_{X^{\mathrm{te}},f},{\bs w}_{X^{\mathrm{te}},f_{\theta}})",0.016421642989221
MNIST_1,"r({\bs w}_{X^{\mathrm{te}},f},{\bs w}_{X^{\mathrm{te}},f_{\theta}})",0.799959742565598
MNIST_1,"A_{\\mathrm{rel}}({\bs w}_{X^{\mathrm{te}},f_{\theta'}},{\bs w}_{X^{\mathrm{te}},f_{\theta}})",0.980996792364962
MNIST_1,"S_{\\mathrm{rel}}({\bs w}_{X^{\mathrm{te}},f_{\theta'}},{\bs w}_{X^{\mathrm{te}},f_{\theta}})",0.0190032076350377
MNIST_1,"r({\bs w}_{X^{\mathrm{te}},f_{\theta'}},{\bs w}_{X^{\mathrm{te}},f_{\theta}})",0.856852297913192
MNIST_1,"A_{\\mathrm{rel}}({\bs w}_{X^{\mathrm{tr}},f},{\bs w}_{X^{\mathrm{tr}},f_{\theta'}})",0.0357728711910317
MNIST_1,"S_{\\mathrm{rel}}({\bs w}_{X^{\mathrm{tr}},f},{\bs w}_{X^{\mathrm{tr}},f_{\theta'}})",0.964227128808968
MNIST_1,"r({\bs w}_{X^{\mathrm{tr}},f},{\bs w}_{X^{\mathrm{tr}},f_{\theta'}})",0.973867854891347
MNIST_1,"A_{\\mathrm{rel}}({\bs w}_{X^{\mathrm{tr}},f},{\bs w}_{X^{\mathrm{tr}},f_{\theta}})",0.982408250442487
MNIST_1,"S_{\\mathrm{rel}}({\bs w}_{X^{\mathrm{tr}},f},{\bs w}_{X^{\mathrm{tr}},f_{\theta}})",0.0175917495575125
MNIST_1,"r({\bs w}_{X^{\mathrm{tr}},f},{\bs w}_{X^{\mathrm{tr}},f_{\theta}})",0.71800731959226
MNIST_1,"A_{\\mathrm{rel}}({\bs w}_{X^{\mathrm{tr}},f_{\theta'}},{\bs w}_{X^{\mathrm{tr}},f_{\theta}})",0.979939770797859
MNIST_1,"S_{\\mathrm{rel}}({\bs w}_{X^{\mathrm{tr}},f_{\theta'}},{\bs w}_{X^{\mathrm{tr}},f_{\theta}})",0.0200602292021409
MNIST_1,"r({\bs w}_{X^{\mathrm{tr}},f_{\theta'}},{\bs w}_{X^{\mathrm{tr}},f_{\theta}})",0.768846182230907
MNIST_1,"A_{\\mathrm{rel}}({\bs w}_{X^{\mathrm{u}},f},{\bs w}_{X^{\mathrm{u}},f_{\theta'}})",0.0418412578624754
MNIST_1,"S_{\\mathrm{rel}}({\bs w}_{X^{\mathrm{u}},f},{\bs w}_{X^{\mathrm{u}},f_{\theta'}})",0.958158742137525
MNIST_1,"r({\bs w}_{X^{\mathrm{u}},f},{\bs w}_{X^{\mathrm{u}},f_{\theta'}})",0.971982731499966
MNIST_1,"A_{\\mathrm{rel}}({\bs w}_{X^{\mathrm{u}},f},{\bs w}_{X^{\mathrm{u}},f_{\theta}})",0.982303441397343
MNIST_1,"S_{\\mathrm{rel}}({\bs w}_{X^{\mathrm{u}},f},{\bs w}_{X^{\mathrm{u}},f_{\theta}})",0.0176965586026574
MNIST_1,"r({\bs w}_{X^{\mathrm{u}},f},{\bs w}_{X^{\mathrm{u}},f_{\theta}})",0.720822908450303
MNIST_1,"A_{\\mathrm{rel}}({\bs w}_{X^{\mathrm{u}},f_{\theta'}},{\bs w}_{X^{\mathrm{u}},f_{\theta}})",0.979956055642871
MNIST_1,"S_{\\mathrm{rel}}({\bs w}_{X^{\mathrm{u}},f_{\theta'}},{\bs w}_{X^{\mathrm{u}},f_{\theta}})",0.0200439443571292
MNIST_1,"r({\bs w}_{X^{\mathrm{u}},f_{\theta'}},{\bs w}_{X^{\mathrm{u}},f_{\theta}})",0.771836802467189
MNIST_2,"A_{\\mathrm{rel}}({\bs w}_{X^{\mathrm{te}},f},{\bs w}_{X^{\mathrm{te}},f_{\theta'}})",0.0467953562769305
MNIST_2,"S_{\\mathrm{rel}}({\bs w}_{X^{\mathrm{te}},f},{\bs w}_{X^{\mathrm{te}},f_{\theta'}})",0.953204643723069
MNIST_2,"r({\bs w}_{X^{\mathrm{te}},f},{\bs w}_{X^{\mathrm{te}},f_{\theta'}})",0.955980411259997
MNIST_2,"A_{\\mathrm{rel}}({\bs w}_{X^{\mathrm{te}},f},{\bs w}_{X^{\mathrm{te}},f_{\theta}})",0.977494873305233
MNIST_2,"S_{\\mathrm{rel}}({\bs w}_{X^{\mathrm{te}},f},{\bs w}_{X^{\mathrm{te}},f_{\theta}})",0.0225051266947666
MNIST_2,"r({\bs w}_{X^{\mathrm{te}},f},{\bs w}_{X^{\mathrm{te}},f_{\theta}})",0.760603558425897
MNIST_2,"A_{\\mathrm{rel}}({\bs w}_{X^{\mathrm{te}},f_{\theta'}},{\bs w}_{X^{\mathrm{te}},f_{\theta}})",0.974552850983237
MNIST_2,"S_{\\mathrm{rel}}({\bs w}_{X^{\mathrm{te}},f_{\theta'}},{\bs w}_{X^{\mathrm{te}},f_{\theta}})",0.0254471490167631
MNIST_2,"r({\bs w}_{X^{\mathrm{te}},f_{\theta'}},{\bs w}_{X^{\mathrm{te}},f_{\theta}})",0.811351419193919
MNIST_2,"A_{\\mathrm{rel}}({\bs w}_{X^{\mathrm{tr}},f},{\bs w}_{X^{\mathrm{tr}},f_{\theta'}})",0.0585216576638724
MNIST_2,"S_{\\mathrm{rel}}({\bs w}_{X^{\mathrm{tr}},f},{\bs w}_{X^{\mathrm{tr}},f_{\theta'}})",0.941478342336128
MNIST_2,"r({\bs w}_{X^{\mathrm{tr}},f},{\bs w}_{X^{\mathrm{tr}},f_{\theta'}})",0.946997964882674
MNIST_2,"A_{\\mathrm{rel}}({\bs w}_{X^{\mathrm{tr}},f},{\bs w}_{X^{\mathrm{tr}},f_{\theta}})",0.977039691621771
MNIST_2,"S_{\\mathrm{rel}}({\bs w}_{X^{\mathrm{tr}},f},{\bs w}_{X^{\mathrm{tr}},f_{\theta}})",0.0229603083782289
MNIST_2,"r({\bs w}_{X^{\mathrm{tr}},f},{\bs w}_{X^{\mathrm{tr}},f_{\theta}})",0.708020867948412
MNIST_2,"A_{\\mathrm{rel}}({\bs w}_{X^{\mathrm{tr}},f_{\theta'}},{\bs w}_{X^{\mathrm{tr}},f_{\theta}})",0.974277730019956
MNIST_2,"S_{\\mathrm{rel}}({\bs w}_{X^{\mathrm{tr}},f_{\theta'}},{\bs w}_{X^{\mathrm{tr}},f_{\theta}})",0.0257222699800438
MNIST_2,"r({\bs w}_{X^{\mathrm{tr}},f_{\theta'}},{\bs w}_{X^{\mathrm{tr}},f_{\theta}})",0.777687845083769
MNIST_2,"A_{\\mathrm{rel}}({\bs w}_{X^{\mathrm{u}},f},{\bs w}_{X^{\mathrm{u}},f_{\theta'}})",0.0583161665998716
MNIST_2,"S_{\\mathrm{rel}}({\bs w}_{X^{\mathrm{u}},f},{\bs w}_{X^{\mathrm{u}},f_{\theta'}})",0.941683833400128
MNIST_2,"r({\bs w}_{X^{\mathrm{u}},f},{\bs w}_{X^{\mathrm{u}},f_{\theta'}})",0.947669061654978
MNIST_2,"A_{\\mathrm{rel}}({\bs w}_{X^{\mathrm{u}},f},{\bs w}_{X^{\mathrm{u}},f_{\theta}})",0.976822371431402
MNIST_2,"S_{\\mathrm{rel}}({\bs w}_{X^{\mathrm{u}},f},{\bs w}_{X^{\mathrm{u}},f_{\theta}})",0.0231776285685982
MNIST_2,"r({\bs w}_{X^{\mathrm{u}},f},{\bs w}_{X^{\mathrm{u}},f_{\theta}})",0.707544359334808
MNIST_2,"A_{\\mathrm{rel}}({\bs w}_{X^{\mathrm{u}},f_{\theta'}},{\bs w}_{X^{\mathrm{u}},f_{\theta}})",0.97399080969007
MNIST_2,"S_{\\mathrm{rel}}({\bs w}_{X^{\mathrm{u}},f_{\theta'}},{\bs w}_{X^{\mathrm{u}},f_{\theta}})",0.0260091903099299
MNIST_2,"r({\bs w}_{X^{\mathrm{u}},f_{\theta'}},{\bs w}_{X^{\mathrm{u}},f_{\theta}})",0.777331727695803
MNIST_3,"A_{\\mathrm{rel}}({\bs w}_{X^{\mathrm{te}},f},{\bs w}_{X^{\mathrm{te}},f_{\theta'}})",1
MNIST_3,"S_{\\mathrm{rel}}({\bs w}_{X^{\mathrm{te}},f},{\bs w}_{X^{\mathrm{te}},f_{\theta'}})",0
MNIST_3,"r({\bs w}_{X^{\mathrm{te}},f},{\bs w}_{X^{\mathrm{te}},f_{\theta'}})",NaN
MNIST_3,"A_{\\mathrm{rel}}({\bs w}_{X^{\mathrm{te}},f},{\bs w}_{X^{\mathrm{te}},f_{\theta}})",0.99999998908036
MNIST_3,"S_{\\mathrm{rel}}({\bs w}_{X^{\mathrm{te}},f},{\bs w}_{X^{\mathrm{te}},f_{\theta}})",1.09196396369526e-08
MNIST_3,"r({\bs w}_{X^{\mathrm{te}},f},{\bs w}_{X^{\mathrm{te}},f_{\theta}})",0.824633443042559
MNIST_3,"A_{\\mathrm{rel}}({\bs w}_{X^{\mathrm{te}},f_{\theta'}},{\bs w}_{X^{\mathrm{te}},f_{\theta}})",Inf
MNIST_3,"S_{\\mathrm{rel}}({\bs w}_{X^{\mathrm{te}},f_{\theta'}},{\bs w}_{X^{\mathrm{te}},f_{\theta}})",-Inf
MNIST_3,"r({\bs w}_{X^{\mathrm{te}},f_{\theta'}},{\bs w}_{X^{\mathrm{te}},f_{\theta}})",NaN
MNIST_3,"A_{\\mathrm{rel}}({\bs w}_{X^{\mathrm{tr}},f},{\bs w}_{X^{\mathrm{tr}},f_{\theta'}})",0.999999960782635
MNIST_3,"S_{\\mathrm{rel}}({\bs w}_{X^{\mathrm{tr}},f},{\bs w}_{X^{\mathrm{tr}},f_{\theta'}})",3.92173648000593e-08
MNIST_3,"r({\bs w}_{X^{\mathrm{tr}},f},{\bs w}_{X^{\mathrm{tr}},f_{\theta'}})",0.572608183977367
MNIST_3,"A_{\\mathrm{rel}}({\bs w}_{X^{\mathrm{tr}},f},{\bs w}_{X^{\mathrm{tr}},f_{\theta}})",0.999999984770929
MNIST_3,"S_{\\mathrm{rel}}({\bs w}_{X^{\mathrm{tr}},f},{\bs w}_{X^{\mathrm{tr}},f_{\theta}})",1.52290705601743e-08
MNIST_3,"r({\bs w}_{X^{\mathrm{tr}},f},{\bs w}_{X^{\mathrm{tr}},f_{\theta}})",0.698566337330417
MNIST_3,"A_{\\mathrm{rel}}({\bs w}_{X^{\mathrm{tr}},f_{\theta'}},{\bs w}_{X^{\mathrm{tr}},f_{\theta}})",0.775058542048463
MNIST_3,"S_{\\mathrm{rel}}({\bs w}_{X^{\mathrm{tr}},f_{\theta'}},{\bs w}_{X^{\mathrm{tr}},f_{\theta}})",0.224941457951537
MNIST_3,"r({\bs w}_{X^{\mathrm{tr}},f_{\theta'}},{\bs w}_{X^{\mathrm{tr}},f_{\theta}})",0.904974312255917
MNIST_3,"A_{\\mathrm{rel}}({\bs w}_{X^{\mathrm{u}},f},{\bs w}_{X^{\mathrm{u}},f_{\theta'}})",0.999999960782635
MNIST_3,"S_{\\mathrm{rel}}({\bs w}_{X^{\mathrm{u}},f},{\bs w}_{X^{\mathrm{u}},f_{\theta'}})",3.92173648000593e-08
MNIST_3,"r({\bs w}_{X^{\mathrm{u}},f},{\bs w}_{X^{\mathrm{u}},f_{\theta'}})",0.572608183977367
MNIST_3,"A_{\\mathrm{rel}}({\bs w}_{X^{\mathrm{u}},f},{\bs w}_{X^{\mathrm{u}},f_{\theta}})",0.999999984770929
MNIST_3,"S_{\\mathrm{rel}}({\bs w}_{X^{\mathrm{u}},f},{\bs w}_{X^{\mathrm{u}},f_{\theta}})",1.52290705601743e-08
MNIST_3,"r({\bs w}_{X^{\mathrm{u}},f},{\bs w}_{X^{\mathrm{u}},f_{\theta}})",0.698566337330417
MNIST_3,"A_{\\mathrm{rel}}({\bs w}_{X^{\mathrm{u}},f_{\theta'}},{\bs w}_{X^{\mathrm{u}},f_{\theta}})",0.775058542048463
MNIST_3,"S_{\\mathrm{rel}}({\bs w}_{X^{\mathrm{u}},f_{\theta'}},{\bs w}_{X^{\mathrm{u}},f_{\theta}})",0.224941457951537
MNIST_3,"r({\bs w}_{X^{\mathrm{u}},f_{\theta'}},{\bs w}_{X^{\mathrm{u}},f_{\theta}})",0.904974312255917
MNIST_4,"A_{\\mathrm{rel}}({\bs w}_{X^{\mathrm{te}},f},{\bs w}_{X^{\mathrm{te}},f_{\theta'}})",0.999999987681564
MNIST_4,"S_{\\mathrm{rel}}({\bs w}_{X^{\mathrm{te}},f},{\bs w}_{X^{\mathrm{te}},f_{\theta'}})",1.23184364930751e-08
MNIST_4,"r({\bs w}_{X^{\mathrm{te}},f},{\bs w}_{X^{\mathrm{te}},f_{\theta'}})",0.857990911696822
MNIST_4,"A_{\\mathrm{rel}}({\bs w}_{X^{\mathrm{te}},f},{\bs w}_{X^{\mathrm{te}},f_{\theta}})",0.999999980933067
MNIST_4,"S_{\\mathrm{rel}}({\bs w}_{X^{\mathrm{te}},f},{\bs w}_{X^{\mathrm{te}},f_{\theta}})",1.90669328103965e-08
MNIST_4,"r({\bs w}_{X^{\mathrm{te}},f},{\bs w}_{X^{\mathrm{te}},f_{\theta}})",0.836936605065236
MNIST_4,"A_{\\mathrm{rel}}({\bs w}_{X^{\mathrm{te}},f_{\theta'}},{\bs w}_{X^{\mathrm{te}},f_{\theta}})",0.475966871256378
MNIST_4,"S_{\\mathrm{rel}}({\bs w}_{X^{\mathrm{te}},f_{\theta'}},{\bs w}_{X^{\mathrm{te}},f_{\theta}})",0.524033128743622
MNIST_4,"r({\bs w}_{X^{\mathrm{te}},f_{\theta'}},{\bs w}_{X^{\mathrm{te}},f_{\theta}})",0.90440552195478
MNIST_4,"A_{\\mathrm{rel}}({\bs w}_{X^{\mathrm{tr}},f},{\bs w}_{X^{\mathrm{tr}},f_{\theta'}})",0.999999987678692
MNIST_4,"S_{\\mathrm{rel}}({\bs w}_{X^{\mathrm{tr}},f},{\bs w}_{X^{\mathrm{tr}},f_{\theta'}})",1.23213078628837e-08
MNIST_4,"r({\bs w}_{X^{\mathrm{tr}},f},{\bs w}_{X^{\mathrm{tr}},f_{\theta'}})",0.919768436592107
MNIST_4,"A_{\\mathrm{rel}}({\bs w}_{X^{\mathrm{tr}},f},{\bs w}_{X^{\mathrm{tr}},f_{\theta}})",0.999999978937436
MNIST_4,"S_{\\mathrm{rel}}({\bs w}_{X^{\mathrm{tr}},f},{\bs w}_{X^{\mathrm{tr}},f_{\theta}})",2.10625638041861e-08
MNIST_4,"r({\bs w}_{X^{\mathrm{tr}},f},{\bs w}_{X^{\mathrm{tr}},f_{\theta}})",0.770398111853799
MNIST_4,"A_{\\mathrm{rel}}({\bs w}_{X^{\mathrm{tr}},f_{\theta'}},{\bs w}_{X^{\mathrm{tr}},f_{\theta}})",0.675345645372893
MNIST_4,"S_{\\mathrm{rel}}({\bs w}_{X^{\mathrm{tr}},f_{\theta'}},{\bs w}_{X^{\mathrm{tr}},f_{\theta}})",0.324654354627107
MNIST_4,"r({\bs w}_{X^{\mathrm{tr}},f_{\theta'}},{\bs w}_{X^{\mathrm{tr}},f_{\theta}})",0.891415416428734
MNIST_4,"A_{\\mathrm{rel}}({\bs w}_{X^{\mathrm{u}},f},{\bs w}_{X^{\mathrm{u}},f_{\theta'}})",0.999999987350783
MNIST_4,"S_{\\mathrm{rel}}({\bs w}_{X^{\mathrm{u}},f},{\bs w}_{X^{\mathrm{u}},f_{\theta'}})",1.26492172292103e-08
MNIST_4,"r({\bs w}_{X^{\mathrm{u}},f},{\bs w}_{X^{\mathrm{u}},f_{\theta'}})",0.931265008761618
MNIST_4,"A_{\\mathrm{rel}}({\bs w}_{X^{\mathrm{u}},f},{\bs w}_{X^{\mathrm{u}},f_{\theta}})",0.999999978936937
MNIST_4,"S_{\\mathrm{rel}}({\bs w}_{X^{\mathrm{u}},f},{\bs w}_{X^{\mathrm{u}},f_{\theta}})",2.10630628494357e-08
MNIST_4,"r({\bs w}_{X^{\mathrm{u}},f},{\bs w}_{X^{\mathrm{u}},f_{\theta}})",0.770421067825285
MNIST_4,"A_{\\mathrm{rel}}({\bs w}_{X^{\mathrm{u}},f_{\theta'}},{\bs w}_{X^{\mathrm{u}},f_{\theta}})",0.639152185360716
MNIST_4,"S_{\\mathrm{rel}}({\bs w}_{X^{\mathrm{u}},f_{\theta'}},{\bs w}_{X^{\mathrm{u}},f_{\theta}})",0.360847814639284
MNIST_4,"r({\bs w}_{X^{\mathrm{u}},f_{\theta'}},{\bs w}_{X^{\mathrm{u}},f_{\theta}})",0.860234052182757
MNIST_5,"A_{\\mathrm{rel}}({\bs w}_{X^{\mathrm{te}},f},{\bs w}_{X^{\mathrm{te}},f_{\theta'}})",0.999999997163193
MNIST_5,"S_{\\mathrm{rel}}({\bs w}_{X^{\mathrm{te}},f},{\bs w}_{X^{\mathrm{te}},f_{\theta'}})",2.83680723356383e-09
MNIST_5,"r({\bs w}_{X^{\mathrm{te}},f},{\bs w}_{X^{\mathrm{te}},f_{\theta'}})",0.609677543517011
MNIST_5,"A_{\\mathrm{rel}}({\bs w}_{X^{\mathrm{te}},f},{\bs w}_{X^{\mathrm{te}},f_{\theta}})",0.999999951346151
MNIST_5,"S_{\\mathrm{rel}}({\bs w}_{X^{\mathrm{te}},f},{\bs w}_{X^{\mathrm{te}},f_{\theta}})",4.86538490607202e-08
MNIST_5,"r({\bs w}_{X^{\mathrm{te}},f},{\bs w}_{X^{\mathrm{te}},f_{\theta}})",0.447825799773633
MNIST_5,"A_{\\mathrm{rel}}({\bs w}_{X^{\mathrm{te}},f_{\theta'}},{\bs w}_{X^{\mathrm{te}},f_{\theta}})",20.3317033414833
MNIST_5,"S_{\\mathrm{rel}}({\bs w}_{X^{\mathrm{te}},f_{\theta'}},{\bs w}_{X^{\mathrm{te}},f_{\theta}})",-19.3317033414833
MNIST_5,"r({\bs w}_{X^{\mathrm{te}},f_{\theta'}},{\bs w}_{X^{\mathrm{te}},f_{\theta}})",0.660728385424735
MNIST_5,"A_{\\mathrm{rel}}({\bs w}_{X^{\mathrm{tr}},f},{\bs w}_{X^{\mathrm{tr}},f_{\theta'}})",0.99999999726293
MNIST_5,"S_{\\mathrm{rel}}({\bs w}_{X^{\mathrm{tr}},f},{\bs w}_{X^{\mathrm{tr}},f_{\theta'}})",2.73707023712433e-09
MNIST_5,"r({\bs w}_{X^{\mathrm{tr}},f},{\bs w}_{X^{\mathrm{tr}},f_{\theta'}})",0.416265671772458
MNIST_5,"A_{\\mathrm{rel}}({\bs w}_{X^{\mathrm{tr}},f},{\bs w}_{X^{\mathrm{tr}},f_{\theta}})",0.999999947412716
MNIST_5,"S_{\\mathrm{rel}}({\bs w}_{X^{\mathrm{tr}},f},{\bs w}_{X^{\mathrm{tr}},f_{\theta}})",5.25872838608166e-08
MNIST_5,"r({\bs w}_{X^{\mathrm{tr}},f},{\bs w}_{X^{\mathrm{tr}},f_{\theta}})",0.394743463661615
MNIST_5,"A_{\\mathrm{rel}}({\bs w}_{X^{\mathrm{tr}},f_{\theta'}},{\bs w}_{X^{\mathrm{tr}},f_{\theta}})",19.0491317238458
MNIST_5,"S_{\\mathrm{rel}}({\bs w}_{X^{\mathrm{tr}},f_{\theta'}},{\bs w}_{X^{\mathrm{tr}},f_{\theta}})",-18.0491317238458
MNIST_5,"r({\bs w}_{X^{\mathrm{tr}},f_{\theta'}},{\bs w}_{X^{\mathrm{tr}},f_{\theta}})",0.765630267616897
MNIST_5,"A_{\\mathrm{rel}}({\bs w}_{X^{\mathrm{u}},f},{\bs w}_{X^{\mathrm{u}},f_{\theta'}})",0.99999999726293
MNIST_5,"S_{\\mathrm{rel}}({\bs w}_{X^{\mathrm{u}},f},{\bs w}_{X^{\mathrm{u}},f_{\theta'}})",2.73707023712433e-09
MNIST_5,"r({\bs w}_{X^{\mathrm{u}},f},{\bs w}_{X^{\mathrm{u}},f_{\theta'}})",0.416265671772458
MNIST_5,"A_{\\mathrm{rel}}({\bs w}_{X^{\mathrm{u}},f},{\bs w}_{X^{\mathrm{u}},f_{\theta}})",0.999999949209979
MNIST_5,"S_{\\mathrm{rel}}({\bs w}_{X^{\mathrm{u}},f},{\bs w}_{X^{\mathrm{u}},f_{\theta}})",5.07900209667511e-08
MNIST_5,"r({\bs w}_{X^{\mathrm{u}},f},{\bs w}_{X^{\mathrm{u}},f_{\theta}})",0.334566820351729
MNIST_5,"A_{\\mathrm{rel}}({\bs w}_{X^{\mathrm{u}},f_{\theta'}},{\bs w}_{X^{\mathrm{u}},f_{\theta}})",19.4967174925879
MNIST_5,"S_{\\mathrm{rel}}({\bs w}_{X^{\mathrm{u}},f_{\theta'}},{\bs w}_{X^{\mathrm{u}},f_{\theta}})",-18.4967174925879
MNIST_5,"r({\bs w}_{X^{\mathrm{u}},f_{\theta'}},{\bs w}_{X^{\mathrm{u}},f_{\theta}})",0.49423464067464
MNIST_6,"A_{\\mathrm{rel}}({\bs w}_{X^{\mathrm{te}},f},{\bs w}_{X^{\mathrm{te}},f_{\theta'}})",0.233570069477081
MNIST_6,"S_{\\mathrm{rel}}({\bs w}_{X^{\mathrm{te}},f},{\bs w}_{X^{\mathrm{te}},f_{\theta'}})",0.766429930522919
MNIST_6,"r({\bs w}_{X^{\mathrm{te}},f},{\bs w}_{X^{\mathrm{te}},f_{\theta'}})",0.832600722867355
MNIST_6,"A_{\\mathrm{rel}}({\bs w}_{X^{\mathrm{te}},f},{\bs w}_{X^{\mathrm{te}},f_{\theta}})",0.996932521736936
MNIST_6,"S_{\\mathrm{rel}}({\bs w}_{X^{\mathrm{te}},f},{\bs w}_{X^{\mathrm{te}},f_{\theta}})",0.00306747826306442
MNIST_6,"r({\bs w}_{X^{\mathrm{te}},f},{\bs w}_{X^{\mathrm{te}},f_{\theta}})",0.79580289027202
MNIST_6,"A_{\\mathrm{rel}}({\bs w}_{X^{\mathrm{te}},f_{\theta'}},{\bs w}_{X^{\mathrm{te}},f_{\theta}})",0.995754275374459
MNIST_6,"S_{\\mathrm{rel}}({\bs w}_{X^{\mathrm{te}},f_{\theta'}},{\bs w}_{X^{\mathrm{te}},f_{\theta}})",0.00424572462554096
MNIST_6,"r({\bs w}_{X^{\mathrm{te}},f_{\theta'}},{\bs w}_{X^{\mathrm{te}},f_{\theta}})",0.980357227466491
MNIST_6,"A_{\\mathrm{rel}}({\bs w}_{X^{\mathrm{tr}},f},{\bs w}_{X^{\mathrm{tr}},f_{\theta'}})",0.241873219186117
MNIST_6,"S_{\\mathrm{rel}}({\bs w}_{X^{\mathrm{tr}},f},{\bs w}_{X^{\mathrm{tr}},f_{\theta'}})",0.758126780813883
MNIST_6,"r({\bs w}_{X^{\mathrm{tr}},f},{\bs w}_{X^{\mathrm{tr}},f_{\theta'}})",0.789976207254417
MNIST_6,"A_{\\mathrm{rel}}({\bs w}_{X^{\mathrm{tr}},f},{\bs w}_{X^{\mathrm{tr}},f_{\theta}})",0.996819471407358
MNIST_6,"S_{\\mathrm{rel}}({\bs w}_{X^{\mathrm{tr}},f},{\bs w}_{X^{\mathrm{tr}},f_{\theta}})",0.00318052859264173
MNIST_6,"r({\bs w}_{X^{\mathrm{tr}},f},{\bs w}_{X^{\mathrm{tr}},f_{\theta}})",0.756412194249246
MNIST_6,"A_{\\mathrm{rel}}({\bs w}_{X^{\mathrm{tr}},f_{\theta'}},{\bs w}_{X^{\mathrm{tr}},f_{\theta}})",0.995682409232307
MNIST_6,"S_{\\mathrm{rel}}({\bs w}_{X^{\mathrm{tr}},f_{\theta'}},{\bs w}_{X^{\mathrm{tr}},f_{\theta}})",0.00431759076769256
MNIST_6,"r({\bs w}_{X^{\mathrm{tr}},f_{\theta'}},{\bs w}_{X^{\mathrm{tr}},f_{\theta}})",0.985337727590525
MNIST_6,"A_{\\mathrm{rel}}({\bs w}_{X^{\mathrm{u}},f},{\bs w}_{X^{\mathrm{u}},f_{\theta'}})",0.241884347964199
MNIST_6,"S_{\\mathrm{rel}}({\bs w}_{X^{\mathrm{u}},f},{\bs w}_{X^{\mathrm{u}},f_{\theta'}})",0.758115652035801
MNIST_6,"r({\bs w}_{X^{\mathrm{u}},f},{\bs w}_{X^{\mathrm{u}},f_{\theta'}})",0.790057314520049
MNIST_6,"A_{\\mathrm{rel}}({\bs w}_{X^{\mathrm{u}},f},{\bs w}_{X^{\mathrm{u}},f_{\theta}})",0.996790787163675
MNIST_6,"S_{\\mathrm{rel}}({\bs w}_{X^{\mathrm{u}},f},{\bs w}_{X^{\mathrm{u}},f_{\theta}})",0.00320921283632536
MNIST_6,"r({\bs w}_{X^{\mathrm{u}},f},{\bs w}_{X^{\mathrm{u}},f_{\theta}})",0.749446448462396
MNIST_6,"A_{\\mathrm{rel}}({\bs w}_{X^{\mathrm{u}},f_{\theta'}},{\bs w}_{X^{\mathrm{u}},f_{\theta}})",0.995616015687228
MNIST_6,"S_{\\mathrm{rel}}({\bs w}_{X^{\mathrm{u}},f_{\theta'}},{\bs w}_{X^{\mathrm{u}},f_{\theta}})",0.00438398431277232
MNIST_6,"r({\bs w}_{X^{\mathrm{u}},f_{\theta'}},{\bs w}_{X^{\mathrm{u}},f_{\theta}})",0.981198191676896
MNIST_7,"A_{\\mathrm{rel}}({\bs w}_{X^{\mathrm{te}},f},{\bs w}_{X^{\mathrm{te}},f_{\theta'}})",0.115983569206603
MNIST_7,"S_{\\mathrm{rel}}({\bs w}_{X^{\mathrm{te}},f},{\bs w}_{X^{\mathrm{te}},f_{\theta'}})",0.884016430793397
MNIST_7,"r({\bs w}_{X^{\mathrm{te}},f},{\bs w}_{X^{\mathrm{te}},f_{\theta'}})",0.922520679103101
MNIST_7,"A_{\\mathrm{rel}}({\bs w}_{X^{\mathrm{te}},f},{\bs w}_{X^{\mathrm{te}},f_{\theta}})",0.997125775029677
MNIST_7,"S_{\\mathrm{rel}}({\bs w}_{X^{\mathrm{te}},f},{\bs w}_{X^{\mathrm{te}},f_{\theta}})",0.00287422497032264
MNIST_7,"r({\bs w}_{X^{\mathrm{te}},f},{\bs w}_{X^{\mathrm{te}},f_{\theta}})",0.80476453729575
MNIST_7,"A_{\\mathrm{rel}}({\bs w}_{X^{\mathrm{te}},f_{\theta'}},{\bs w}_{X^{\mathrm{te}},f_{\theta}})",0.996380900774694
MNIST_7,"S_{\\mathrm{rel}}({\bs w}_{X^{\mathrm{te}},f_{\theta'}},{\bs w}_{X^{\mathrm{te}},f_{\theta}})",0.00361909922530612
MNIST_7,"r({\bs w}_{X^{\mathrm{te}},f_{\theta'}},{\bs w}_{X^{\mathrm{te}},f_{\theta}})",0.921157556873847
MNIST_7,"A_{\\mathrm{rel}}({\bs w}_{X^{\mathrm{tr}},f},{\bs w}_{X^{\mathrm{tr}},f_{\theta'}})",0.127454327522519
MNIST_7,"S_{\\mathrm{rel}}({\bs w}_{X^{\mathrm{tr}},f},{\bs w}_{X^{\mathrm{tr}},f_{\theta'}})",0.872545672477481
MNIST_7,"r({\bs w}_{X^{\mathrm{tr}},f},{\bs w}_{X^{\mathrm{tr}},f_{\theta'}})",0.887956641119589
MNIST_7,"A_{\\mathrm{rel}}({\bs w}_{X^{\mathrm{tr}},f},{\bs w}_{X^{\mathrm{tr}},f_{\theta}})",0.996804891988667
MNIST_7,"S_{\\mathrm{rel}}({\bs w}_{X^{\mathrm{tr}},f},{\bs w}_{X^{\mathrm{tr}},f_{\theta}})",0.00319510801133305
MNIST_7,"r({\bs w}_{X^{\mathrm{tr}},f},{\bs w}_{X^{\mathrm{tr}},f_{\theta}})",0.720246330770044
MNIST_7,"A_{\\mathrm{rel}}({\bs w}_{X^{\mathrm{tr}},f_{\theta'}},{\bs w}_{X^{\mathrm{tr}},f_{\theta}})",0.995992870950008
MNIST_7,"S_{\\mathrm{rel}}({\bs w}_{X^{\mathrm{tr}},f_{\theta'}},{\bs w}_{X^{\mathrm{tr}},f_{\theta}})",0.00400712904999179
MNIST_7,"r({\bs w}_{X^{\mathrm{tr}},f_{\theta'}},{\bs w}_{X^{\mathrm{tr}},f_{\theta}})",0.880671837727149
MNIST_7,"A_{\\mathrm{rel}}({\bs w}_{X^{\mathrm{u}},f},{\bs w}_{X^{\mathrm{u}},f_{\theta'}})",0.126987718723478
MNIST_7,"S_{\\mathrm{rel}}({\bs w}_{X^{\mathrm{u}},f},{\bs w}_{X^{\mathrm{u}},f_{\theta'}})",0.873012281276522
MNIST_7,"r({\bs w}_{X^{\mathrm{u}},f},{\bs w}_{X^{\mathrm{u}},f_{\theta'}})",0.888197252487705
MNIST_7,"A_{\\mathrm{rel}}({\bs w}_{X^{\mathrm{u}},f},{\bs w}_{X^{\mathrm{u}},f_{\theta}})",0.996798829758482
MNIST_7,"S_{\\mathrm{rel}}({\bs w}_{X^{\mathrm{u}},f},{\bs w}_{X^{\mathrm{u}},f_{\theta}})",0.00320117024151811
MNIST_7,"r({\bs w}_{X^{\mathrm{u}},f},{\bs w}_{X^{\mathrm{u}},f_{\theta}})",0.721232734653497
MNIST_7,"A_{\\mathrm{rel}}({\bs w}_{X^{\mathrm{u}},f_{\theta'}},{\bs w}_{X^{\mathrm{u}},f_{\theta}})",0.995988216819257
MNIST_7,"S_{\\mathrm{rel}}({\bs w}_{X^{\mathrm{u}},f_{\theta'}},{\bs w}_{X^{\mathrm{u}},f_{\theta}})",0.00401178318074269
MNIST_7,"r({\bs w}_{X^{\mathrm{u}},f_{\theta'}},{\bs w}_{X^{\mathrm{u}},f_{\theta}})",0.88036941436774
MNIST_8,"A_{\\mathrm{rel}}({\bs w}_{X^{\mathrm{te}},f},{\bs w}_{X^{\mathrm{te}},f_{\theta'}})",0.161438539032148
MNIST_8,"S_{\\mathrm{rel}}({\bs w}_{X^{\mathrm{te}},f},{\bs w}_{X^{\mathrm{te}},f_{\theta'}})",0.838561460967852
MNIST_8,"r({\bs w}_{X^{\mathrm{te}},f},{\bs w}_{X^{\mathrm{te}},f_{\theta'}})",0.898831358044768
MNIST_8,"A_{\\mathrm{rel}}({\bs w}_{X^{\mathrm{te}},f},{\bs w}_{X^{\mathrm{te}},f_{\theta}})",0.99673441170185
MNIST_8,"S_{\\mathrm{rel}}({\bs w}_{X^{\mathrm{te}},f},{\bs w}_{X^{\mathrm{te}},f_{\theta}})",0.00326558829814994
MNIST_8,"r({\bs w}_{X^{\mathrm{te}},f},{\bs w}_{X^{\mathrm{te}},f_{\theta}})",0.80220527474181
MNIST_8,"A_{\\mathrm{rel}}({\bs w}_{X^{\mathrm{te}},f_{\theta'}},{\bs w}_{X^{\mathrm{te}},f_{\theta}})",0.996683768892946
MNIST_8,"S_{\\mathrm{rel}}({\bs w}_{X^{\mathrm{te}},f_{\theta'}},{\bs w}_{X^{\mathrm{te}},f_{\theta}})",0.00331623110705392
MNIST_8,"r({\bs w}_{X^{\mathrm{te}},f_{\theta'}},{\bs w}_{X^{\mathrm{te}},f_{\theta}})",0.813524589794354
MNIST_8,"A_{\\mathrm{rel}}({\bs w}_{X^{\mathrm{tr}},f},{\bs w}_{X^{\mathrm{tr}},f_{\theta'}})",0.149264809318918
MNIST_8,"S_{\\mathrm{rel}}({\bs w}_{X^{\mathrm{tr}},f},{\bs w}_{X^{\mathrm{tr}},f_{\theta'}})",0.850735190681082
MNIST_8,"r({\bs w}_{X^{\mathrm{tr}},f},{\bs w}_{X^{\mathrm{tr}},f_{\theta'}})",0.909090965532965
MNIST_8,"A_{\\mathrm{rel}}({\bs w}_{X^{\mathrm{tr}},f},{\bs w}_{X^{\mathrm{tr}},f_{\theta}})",0.996529711258177
MNIST_8,"S_{\\mathrm{rel}}({\bs w}_{X^{\mathrm{tr}},f},{\bs w}_{X^{\mathrm{tr}},f_{\theta}})",0.00347028874182254
MNIST_8,"r({\bs w}_{X^{\mathrm{tr}},f},{\bs w}_{X^{\mathrm{tr}},f_{\theta}})",0.734482917049216
MNIST_8,"A_{\\mathrm{rel}}({\bs w}_{X^{\mathrm{tr}},f_{\theta'}},{\bs w}_{X^{\mathrm{tr}},f_{\theta}})",0.996467796574228
MNIST_8,"S_{\\mathrm{rel}}({\bs w}_{X^{\mathrm{tr}},f_{\theta'}},{\bs w}_{X^{\mathrm{tr}},f_{\theta}})",0.00353220342577198
MNIST_8,"r({\bs w}_{X^{\mathrm{tr}},f_{\theta'}},{\bs w}_{X^{\mathrm{tr}},f_{\theta}})",0.784279334601678
MNIST_8,"A_{\\mathrm{rel}}({\bs w}_{X^{\mathrm{u}},f},{\bs w}_{X^{\mathrm{u}},f_{\theta'}})",0.155716771655714
MNIST_8,"S_{\\mathrm{rel}}({\bs w}_{X^{\mathrm{u}},f},{\bs w}_{X^{\mathrm{u}},f_{\theta'}})",0.844283228344286
MNIST_8,"r({\bs w}_{X^{\mathrm{u}},f},{\bs w}_{X^{\mathrm{u}},f_{\theta'}})",0.915019587514175
MNIST_8,"A_{\\mathrm{rel}}({\bs w}_{X^{\mathrm{u}},f},{\bs w}_{X^{\mathrm{u}},f_{\theta}})",0.996501255292338
MNIST_8,"S_{\\mathrm{rel}}({\bs w}_{X^{\mathrm{u}},f},{\bs w}_{X^{\mathrm{u}},f_{\theta}})",0.00349874470766243
MNIST_8,"r({\bs w}_{X^{\mathrm{u}},f},{\bs w}_{X^{\mathrm{u}},f_{\theta}})",0.739445378388279
MNIST_8,"A_{\\mathrm{rel}}({\bs w}_{X^{\mathrm{u}},f_{\theta'}},{\bs w}_{X^{\mathrm{u}},f_{\theta}})",0.996456420935622
MNIST_8,"S_{\\mathrm{rel}}({\bs w}_{X^{\mathrm{u}},f_{\theta'}},{\bs w}_{X^{\mathrm{u}},f_{\theta}})",0.00354357906437819
MNIST_8,"r({\bs w}_{X^{\mathrm{u}},f_{\theta'}},{\bs w}_{X^{\mathrm{u}},f_{\theta}})",0.792778600324261
